Player,Pass Yds,Yds/Att,Att_x,Cmp,Cmp %,TD_x,INT,Rate,1st,1st%_x,20+_x,40+_x,Lng_x,Sck,SckY,Rush Yds,Att_y,TD_y,20+_y,40+_y,Lng_y,Rush 1st,Rush 1st%,Rush FUM,Rec,Yds,TD,20+,40+,LNG,Rec 1st,1st%_y,Rec FUM,Rec YAC/R,Tgts
A.J. Brown,0,0,0,0,0,0,0,0,0,0,0,0,0,0,0,0,0,0,0,0,0,0,0,0,39,727,4,13,4,67,33,84.6,0,242,56
AJ Barner,0,0,0,0,0,0,0,0,0,0,0,0,0,0,0,0,0,0,0,0,0,0,0,0,19,166,1,1,0,20,11,57.9,0,96,25
AJ Cole,34,34,1,1,100,0,0,118.8,1,100,1,0,34,0,0,0,0,0,0,0,0,0,0,0,0,0,0,0,0,0,0,0,0,0,0
Aaron Jones,0,0,0,0,0,0,0,0,0,0,0,0,0,0,0,798,179,3,3,1,41,33,18.4,2,32,285,1,4,0,25,12,37.5,1,276,37
Aaron Rodgers,2442,6.4,380,241,63.4,17,7,89,121,31.8,34,2,57,26,199,50,13,0,0,0,14,3,23.1,0,0,0,0,0,0,0,0,0,0,0,0
Aaron Shampklin,0,0,0,0,0,0,0,0,0,0,0,0,0,0,0,17,6,0,0,0,5,1,16.7,0,0,0,0,0,0,0,0,0,0,0,0
Adam Prentice,0,0,0,0,0,0,0,0,0,0,0,0,0,0,0,0,0,0,0,0,0,0,0,0,0,0,0,0,0,0,0,0,0,0,3
Adam Thielen,0,0,0,0,0,0,0,0,0,0,0,0,0,0,0,0,0,0,0,0,0,0,0,0,11,166,1,3,0,36,7,63.6,0,60,16
Adam Trautman,0,0,0,0,0,0,0,0,0,0,0,0,0,0,0,0,0,0,0,0,0,0,0,0,9,158,1,2,0,37,7,77.8,0,90,15
Adonai Mitchell,24,24,1,1,100,0,0,118.8,1,100,1,0,24,0,0,16,3,0,0,0,10,1,33.3,0,20,254,0,3,0,33,13,65,1,74,43
Aidan O'Connell,455,5.6,82,52,63.4,2,2,76,25,30.5,2,0,30,3,28,0,0,0,0,0,0,0,0,0,0,0,0,0,0,0,0,0,0,0,0
Ainias Smith,0,0,0,0,0,0,0,0,0,0,0,0,0,0,0,2,1,0,0,0,2,0,0,0,3,6,0,0,0,5,0,0,0,7,3
Alec Ingold,0,0,0,0,0,0,0,0,0,0,0,0,0,0,0,13,9,1,0,0,6,5,55.6,2,7,60,0,1,0,25,2,28.6,0,36,8
Alec Pierce,0,0,0,0,0,0,0,0,0,0,0,0,0,0,0,0,0,0,0,0,0,0,0,0,27,629,4,10,5,65,23,85.2,0,95,48
Alex Bachman,0,0,0,0,0,0,0,0,0,0,0,0,0,0,0,0,0,0,0,0,0,0,0,0,3,31,0,0,0,18,2,66.7,0,10,3
Alexander Mattison,0,0,0,0,0,0,0,0,0,0,0,0,0,0,0,320,97,3,1,0,24,20,20.6,0,25,245,1,3,0,31,10,40,0,254,29
Allen Lazard,0,0,0,0,0,0,0,0,0,0,0,0,0,0,0,0,0,0,0,0,0,0,0,0,30,412,5,7,1,52,23,76.7,0,121,44
Allen Robinson,0,0,0,0,0,0,0,0,0,0,0,0,0,0,0,0,0,0,0,0,0,0,0,0,2,9,0,0,0,7,2,100,0,2,5
Alvin Kamara,0,0,0,0,0,0,0,0,0,0,0,0,0,0,0,782,183,6,3,0,24,45,24.6,0,55,443,1,5,1,57,14,25.4,1,466,73
Amari Cooper,0,0,0,0,0,0,0,0,0,0,0,0,0,0,0,0,0,0,0,0,0,0,0,0,31,374,3,5,0,30,17,54.8,0,82,63
Ameer Abdullah,0,0,0,0,0,0,0,0,0,0,0,0,0,0,0,110,25,1,1,1,40,5,20,1,22,113,2,0,0,13,7,31.8,0,146,26
Amon-Ra St. Brown,7,7,1,1,100,1,0,135.4,1,100,0,0,7,0,0,-4,1,0,0,0,-4,0,0,0,71,747,9,8,0,35,47,66.2,0,246,85
Andrei Iosivas,0,0,0,0,0,0,0,0,0,0,0,0,0,0,0,0,0,0,0,0,0,0,0,0,20,274,4,4,0,39,16,80,0,29,38
Andrew Beck,0,0,0,0,0,0,0,0,0,0,0,0,0,0,0,0,0,0,0,0,0,0,0,0,0,0,0,0,0,0,0,0,0,0,1
Andrew Ogletree,0,0,0,0,0,0,0,0,0,0,0,0,0,0,0,0,0,0,0,0,0,0,0,0,7,66,1,1,0,22,4,57.1,0,37,10
Andy Dalton,989,6.2,160,106,66.2,7,6,82,50,31.2,13,0,39,7,37,34,11,0,0,0,18,2,18.2,1,0,0,0,0,0,0,0,0,0,0,0
Anthony Richardson,1402,7.3,191,90,47.1,5,7,65.4,54,28.3,22,6,69,11,96,335,61,3,3,0,26,22,36.1,6,0,0,0,0,0,0,0,0,0,0,0
Antonio Gibson,0,0,0,0,0,0,0,0,0,0,0,0,0,0,0,311,72,0,2,1,45,14,19.4,1,15,147,0,1,1,50,7,46.7,0,154,18
Ashton Dulin,0,0,0,0,0,0,0,0,0,0,0,0,0,0,0,45,5,0,0,0,12,2,40,0,2,67,1,1,1,54,2,100,0,43,8
Audric Estim√©,0,0,0,0,0,0,0,0,0,0,0,0,0,0,0,179,38,0,1,0,21,9,23.7,2,3,9,0,0,0,11,1,33.3,0,15,3
Austin Ekeler,0,0,0,0,0,0,0,0,0,0,0,0,0,0,0,355,74,4,4,1,50,18,24.3,1,33,346,0,8,0,34,13,39.4,1,403,39
Austin Hooper,0,0,0,0,0,0,0,0,0,0,0,0,0,0,0,0,0,0,0,0,0,0,0,0,27,295,2,3,0,38,15,55.6,1,163,38
Austin Trammell,0,0,0,0,0,0,0,0,0,0,0,0,0,0,0,0,0,0,0,0,0,0,0,0,2,40,0,1,0,22,2,100,0,9,3
Baker Mayfield,2799,7.5,374,267,71.4,24,9,104.1,143,38.2,32,2,55,24,143,221,40,3,0,0,18,16,40,6,0,0,0,0,0,0,0,0,0,0,0
Ben Sims,0,0,0,0,0,0,0,0,0,0,0,0,0,0,0,0,0,0,0,0,0,0,0,0,3,40,0,1,0,28,1,33.3,0,15,4
Ben Sinnott,0,0,0,0,0,0,0,0,0,0,0,0,0,0,0,0,0,0,0,0,0,0,0,0,3,18,1,0,0,12,2,66.7,0,14,3
Ben Skowronek,0,0,0,0,0,0,0,0,0,0,0,0,0,0,0,0,0,0,0,0,0,0,0,0,1,4,0,0,0,4,0,0,0,0,1
Ben VanSumeren,0,0,0,0,0,0,0,0,0,0,0,0,0,0,0,0,0,0,0,0,0,0,0,0,1,0,0,0,0,0,0,0,0,0,1
Bijan Robinson,0,0,0,0,0,0,0,0,0,0,0,0,0,0,0,783,167,6,3,0,37,38,22.8,0,45,359,1,3,0,29,17,37.8,0,435,50
Blake Corum,0,0,0,0,0,0,0,0,0,0,0,0,0,0,0,106,29,0,0,0,12,8,27.6,0,4,31,0,0,0,9,2,50,0,36,4
Blake Whiteheart,0,0,0,0,0,0,0,0,0,0,0,0,0,0,0,0,0,0,0,0,0,0,0,0,4,42,1,1,0,29,2,50,0,4,4
Bo Melton,0,0,0,0,0,0,0,0,0,0,0,0,0,0,0,39,6,0,0,0,16,3,50,0,5,73,0,1,0,28,4,80,0,6,12
Bo Nix,2548,6.4,399,259,64.9,16,6,89.9,115,28.8,39,2,49,19,158,300,64,4,5,0,32,27,42.2,0,1,2,1,0,0,2,1,100,0,0,1
Bradley Pinion,0,0,0,0,0,0,0,0,0,0,0,0,0,0,0,0,0,0,0,0,0,0,0,0,0,0,0,0,0,0,0,0,0,0,0
Braelon Allen,0,0,0,0,0,0,0,0,0,0,0,0,0,0,0,229,62,2,1,0,20,17,27.4,0,10,81,1,0,0,15,4,40,0,89,16
Brandin Cooks,0,0,0,0,0,0,0,0,0,0,0,0,0,0,0,2,2,0,0,0,5,0,0,0,9,91,1,1,0,21,6,66.7,0,16,19
Brandon Aiyuk,0,0,0,0,0,0,0,0,0,0,0,0,0,0,0,0,0,0,0,0,0,0,0,0,25,374,0,5,1,53,20,80,0,92,47
Brandon Allen,199,6.9,29,17,58.6,1,1,76.6,8,27.6,5,0,31,2,2,4,3,0,0,0,6,0,0,0,0,0,0,0,0,0,0,0,0,0,0
Brandon Johnson,0,0,0,0,0,0,0,0,0,0,0,0,0,0,0,0,0,0,0,0,0,0,0,0,1,9,0,0,0,9,0,0,0,4,1
Brandon Powell,0,0,0,0,0,0,0,0,0,0,0,0,0,0,0,0,0,0,0,0,0,0,0,0,5,51,0,0,0,13,4,80,0,8,8
Braxton Berrios,0,0,0,0,0,0,0,0,0,0,0,0,0,0,0,0,0,0,0,0,0,0,0,0,0,0,0,0,0,0,0,0,0,0,4
Breece Hall,0,0,0,0,0,0,0,0,0,0,0,0,0,0,0,632,152,4,3,1,42,27,17.8,3,46,401,2,5,1,57,12,26.1,1,376,61
Brenton Strange,0,0,0,0,0,0,0,0,0,0,0,0,0,0,0,0,0,0,0,0,0,0,0,0,21,221,2,5,0,30,11,52.4,0,100,29
Brevin Jordan,0,0,0,0,0,0,0,0,0,0,0,0,0,0,0,0,0,0,0,0,0,0,0,0,2,7,0,0,0,4,1,50,0,3,3
Brevyn Spann-Ford,0,0,0,0,0,0,0,0,0,0,0,0,0,0,0,0,0,0,0,0,0,0,0,0,8,86,0,0,0,18,6,75,0,52,13
Brian Robinson,0,0,0,0,0,0,0,0,0,0,0,0,0,0,0,537,122,7,2,1,40,32,26.2,0,11,99,0,1,0,32,3,27.3,0,115,15
Brian Thomas Jr.,0,0,0,0,0,0,0,0,0,0,0,0,0,0,0,19,4,0,0,0,13,1,25,0,42,689,5,9,3,85,30,71.4,0,268,63
Britain Covey,0,0,0,0,0,0,0,0,0,0,0,0,0,0,0,0,0,0,0,0,0,0,0,0,7,34,0,0,0,11,2,28.6,0,28,7
British Brooks,0,0,0,0,0,0,0,0,0,0,0,0,0,0,0,2,1,0,0,0,2,0,0,0,0,0,0,0,0,0,0,0,0,0,0
Brock Bowers,0,0,0,0,0,0,0,0,0,0,0,0,0,0,0,9,2,0,0,0,12,1,50,0,74,744,3,8,1,57,38,51.4,0,395,99
Brock Purdy,2613,8.5,306,202,66,13,8,95.9,121,39.5,36,9,76,20,95,267,51,4,0,0,16,26,51,2,0,0,0,0,0,0,0,0,0,0,0
Brock Wright,0,0,0,0,0,0,0,0,0,0,0,0,0,0,0,0,0,0,0,0,0,0,0,0,12,87,2,0,0,16,6,50,0,65,14
Bryan Anger,4,2,2,1,50,0,0,56.2,0,0,0,0,4,0,0,0,0,0,0,0,0,0,0,0,0,0,0,0,0,0,0,0,0,0,0
Bryce Oliver,0,0,0,0,0,0,0,0,0,0,0,0,0,0,0,0,0,0,0,0,0,0,0,0,3,56,0,1,0,33,2,66.7,0,12,3
Bryce Young,1083,5.8,188,113,60.1,5,6,71.7,51,27.1,15,1,46,13,79,91,18,1,1,0,24,4,22.2,0,0,0,0,0,0,0,0,0,0,0,0
Brycen Tremayne,0,0,0,0,0,0,0,0,0,0,0,0,0,0,0,0,0,0,0,0,0,0,0,0,1,-2,0,0,0,-2,0,0,0,0,1
Bub Means,0,0,0,0,0,0,0,0,0,0,0,0,0,0,0,0,0,0,0,0,0,0,0,0,9,118,1,1,0,36,7,77.8,0,20,15
Bucky Irving,0,0,0,0,0,0,0,0,0,0,0,0,0,0,0,579,108,5,4,1,56,28,25.9,2,32,252,0,2,0,32,9,28.1,0,328,34
C.J. Goodwin,0,0,0,0,0,0,0,0,0,0,0,0,0,0,0,0,0,0,0,0,0,0,0,0,0,0,0,0,0,0,0,0,0,0,1
C.J. Ham,0,0,0,0,0,0,0,0,0,0,0,0,0,0,0,10,2,1,0,0,8,1,50,0,2,11,0,0,0,8,0,0,1,6,3
C.J. Stroud,2875,7.3,396,250,63.1,14,9,87.3,144,36.4,33,5,67,39,303,192,38,0,2,0,25,11,29,2,0,0,0,0,0,0,0,0,0,0,1
Cade Otton,0,0,0,0,0,0,0,0,0,0,0,0,0,0,0,-4,1,0,0,0,-4,0,0,0,50,486,4,5,0,30,26,52,2,237,73
Cade Stover,0,0,0,0,0,0,0,0,0,0,0,0,0,0,0,0,0,0,0,0,0,0,0,0,13,128,1,1,0,27,5,38.5,0,91,19
Caleb Williams,2356,6.3,372,233,62.6,11,5,84.9,111,29.8,26,5,47,44,298,339,55,0,2,0,24,22,40,1,0,0,0,0,0,0,0,0,0,0,0
Calvin Austin III,0,0,0,0,0,0,0,0,0,0,0,0,0,0,0,0,0,0,0,0,0,0,0,0,20,354,3,7,2,55,12,60,0,119,36
Calvin Ridley,0,0,0,0,0,0,0,0,0,0,0,0,0,0,0,32,4,1,0,0,10,2,50,1,41,634,3,10,4,63,26,63.4,0,139,80
Cam Akers,0,0,0,0,0,0,0,0,0,0,0,0,0,0,0,275,72,1,0,0,15,13,18.1,1,10,49,2,0,0,9,2,20,0,50,13
Cam Grandy,0,0,0,0,0,0,0,0,0,0,0,0,0,0,0,0,0,0,0,0,0,0,0,0,1,0,0,0,0,0,0,0,0,1,1
Carson Steele,0,0,0,0,0,0,0,0,0,0,0,0,0,0,0,158,48,0,0,0,9,14,29.2,3,5,24,0,0,0,9,0,0,0,35,9
Casey Washington,0,0,0,0,0,0,0,0,0,0,0,0,0,0,0,0,0,0,0,0,0,0,0,0,1,14,0,0,0,14,1,100,0,11,2
Cedric Tillman,0,0,0,0,0,0,0,0,0,0,0,0,0,0,0,-5,1,0,0,0,-5,0,0,0,29,339,3,6,0,38,15,51.7,1,104,49
Cedrick Wilson Jr.,0,0,0,0,0,0,0,0,0,0,0,0,0,0,0,0,0,0,0,0,0,0,0,0,11,122,1,1,0,25,5,45.4,0,54,14
CeeDee Lamb,0,0,0,0,0,0,0,0,0,0,0,0,0,0,0,69,13,0,0,0,18,4,30.8,0,77,841,4,10,2,65,38,49.4,1,353,118
Charlie Jones,0,0,0,0,0,0,0,0,0,0,0,0,0,0,0,0,0,0,0,0,0,0,0,0,1,5,0,0,0,5,0,0,0,0,1
Charlie Kolar,0,0,0,0,0,0,0,0,0,0,0,0,0,0,0,2,1,0,0,0,2,1,100,0,9,131,1,2,1,55,4,44.4,0,76,11
Charlie Woerner,0,0,0,0,0,0,0,0,0,0,0,0,0,0,0,0,0,0,0,0,0,0,0,0,2,17,0,0,0,13,1,50,0,10,4
Chase Brown,0,0,0,0,0,0,0,0,0,0,0,0,0,0,0,607,140,5,5,0,30,25,17.9,2,35,207,2,1,0,34,12,34.3,0,183,44
Chig Okonkwo,0,0,0,0,0,0,0,0,0,0,0,0,0,0,0,0,0,0,0,0,0,0,0,0,24,262,2,3,1,70,9,37.5,2,150,32
Chris Brooks,0,0,0,0,0,0,0,0,0,0,0,0,0,0,0,64,17,0,0,0,11,3,17.6,0,7,57,0,0,0,15,2,28.6,0,69,8
Chris Conley,0,0,0,0,0,0,0,0,0,0,0,0,0,0,0,0,0,0,0,0,0,0,0,0,1,4,0,0,0,4,0,0,0,0,7
Chris Godwin,0,0,0,0,0,0,0,0,0,0,0,0,0,0,0,2,1,0,0,0,2,1,100,0,50,576,5,7,2,55,32,64,1,350,62
Chris Manhertz,0,0,0,0,0,0,0,0,0,0,0,0,0,0,0,0,0,0,0,0,0,0,0,0,1,2,1,0,0,2,1,100,0,0,2
Chris Olave,0,0,0,0,0,0,0,0,0,0,0,0,0,0,0,7,1,0,0,0,7,1,100,0,32,400,1,4,0,39,22,68.8,1,121,44
Chris Rodriguez Jr.,0,0,0,0,0,0,0,0,0,0,0,0,0,0,0,56,13,0,0,0,17,3,23.1,0,0,0,0,0,0,0,0,0,0,0,0
Christian Kirk,0,0,0,0,0,0,0,0,0,0,0,0,0,0,0,0,0,0,0,0,0,0,0,0,27,379,1,7,1,61,18,66.7,0,113,47
Christian McCaffrey,0,0,0,0,0,0,0,0,0,0,0,0,0,0,0,149,43,0,0,0,13,8,18.6,0,13,132,0,2,0,30,5,38.5,1,75,16
Christian Watson,0,0,0,0,0,0,0,0,0,0,0,0,0,0,0,0,2,0,0,0,4,0,0,0,20,383,2,6,3,60,15,75,0,95,34
Chuba Hubbard,0,0,0,0,0,0,0,0,0,0,0,0,0,0,0,876,177,7,6,0,38,45,25.4,0,31,126,1,1,0,20,7,22.6,3,178,40
Clayton Tune,0,0,0,0,0,0,0,0,0,0,0,0,0,0,0,-5,5,0,0,0,2,1,20,1,0,0,0,0,0,0,0,0,0,0,0
Cody White,0,0,0,0,0,0,0,0,0,0,0,0,0,0,0,0,0,0,0,0,0,0,0,0,2,44,0,1,0,28,2,100,0,13,3
Colby Parkinson,0,0,0,0,0,0,0,0,0,0,0,0,0,0,0,0,0,0,0,0,0,0,0,0,25,243,1,2,0,23,13,52,0,117,39
Cole Kmet,0,0,0,0,0,0,0,0,0,0,0,0,0,0,0,0,0,0,0,0,0,0,0,0,39,422,3,7,0,31,21,53.8,0,161,47
Connor Heyward,0,0,0,0,0,0,0,0,0,0,0,0,0,0,0,0,0,0,0,0,0,0,0,0,4,29,1,0,0,16,1,25,0,7,6
Cooper Kupp,0,0,0,0,0,0,0,0,0,0,0,0,0,0,0,10,2,0,0,0,9,1,50,0,55,548,5,7,1,69,21,38.2,1,236,77
Cooper Rush,813,5.5,149,91,61.1,4,2,79.1,43,28.9,7,2,64,7,50,10,11,0,0,0,4,3,27.3,4,0,0,0,0,0,0,0,0,0,0,0
Cordarrelle Patterson,0,0,0,0,0,0,0,0,0,0,0,0,0,0,0,104,21,0,0,0,14,5,23.8,0,6,34,0,0,0,14,2,33.3,0,28,8
Courtland Sutton,30,15,2,2,100,1,0,158.3,2,100,1,0,28,0,0,0,0,0,0,0,0,0,0,0,57,744,5,13,0,37,38,66.7,1,132,95
Craig Reynolds,0,0,0,0,0,0,0,0,0,0,0,0,0,0,0,51,12,0,0,0,19,3,25,1,0,0,0,0,0,0,0,0,0,0,0
Curtis Samuel,0,0,0,0,0,0,0,0,0,0,0,0,0,0,0,6,3,0,0,0,7,0,0,0,21,185,1,2,0,38,7,33.3,0,86,33
D'Andre Swift,0,0,0,0,0,0,0,0,0,0,0,0,0,0,0,665,168,5,5,1,56,26,15.5,1,31,278,0,3,1,42,8,25.8,1,274,36
D'Ernest Johnson,0,0,0,0,0,0,0,0,0,0,0,0,0,0,0,117,30,0,0,0,13,6,20,0,8,77,0,2,0,26,3,37.5,0,82,13
D'Onta Foreman,0,0,0,0,0,0,0,0,0,0,0,0,0,0,0,155,46,0,1,0,25,6,13,1,5,46,0,0,0,16,1,20,0,42,5
DJ Moore,0,0,1,0,0,0,0,39.6,0,0,0,0,0,0,0,36,7,0,0,0,14,2,28.6,0,54,566,4,7,1,44,25,46.3,0,312,80
DJ Turner,0,0,0,0,0,0,0,0,0,0,0,0,0,0,0,33,5,1,0,0,18,1,20,0,15,133,1,1,0,30,8,53.3,0,52,28
DK Metcalf,0,0,0,0,0,0,0,0,0,0,0,0,0,0,0,0,0,0,0,0,0,0,0,0,46,697,3,13,2,71,24,52.2,2,203,75
Dak Prescott,1978,6.9,286,185,64.7,11,8,86,87,30.4,23,3,65,21,112,54,13,1,1,0,22,5,38.5,0,0,0,0,0,0,0,0,0,0,0,0
Dallas Goedert,0,0,0,0,0,0,0,0,0,0,0,0,0,0,0,0,0,0,0,0,0,0,0,0,35,406,1,6,2,61,13,37.1,2,209,42
Dalton Kincaid,0,0,0,0,0,0,0,0,0,0,0,0,0,0,0,0,0,0,0,0,0,0,0,0,34,356,2,4,0,28,18,52.9,1,211,59
Dalton Schultz,0,0,0,0,0,0,0,0,0,0,0,0,0,0,0,0,0,0,0,0,0,0,0,0,36,363,0,3,0,32,17,47.2,0,134,57
Dalvin Cook,0,0,0,0,0,0,0,0,0,0,0,0,0,0,0,20,8,0,0,0,4,0,0,0,1,10,0,0,0,10,1,100,0,7,1
Dameon Pierce,0,0,0,0,0,0,0,0,0,0,0,0,0,0,0,100,15,1,1,1,54,2,13.3,0,1,1,0,0,0,1,0,0,0,3,1
Daniel Bellinger,0,0,0,0,0,0,0,0,0,0,0,0,0,0,0,0,0,0,0,0,0,0,0,0,3,31,0,0,0,17,2,66.7,0,9,3
Daniel Jones,2070,6.1,341,216,63.3,8,7,79.4,106,31.1,19,2,43,29,172,265,67,2,1,0,24,26,38.8,0,0,0,0,0,0,0,0,0,0,0,0
Dante Pettis,0,0,0,0,0,0,0,0,0,0,0,0,0,0,0,0,0,0,0,0,0,0,0,0,2,17,0,0,0,9,1,50,0,15,2
Dare Ogunbowale,0,0,0,0,0,0,0,0,0,0,0,0,0,0,0,68,25,0,0,0,11,3,12,0,16,166,1,2,0,31,7,43.8,0,149,22
Dareke Young,0,0,0,0,0,0,0,0,0,0,0,0,0,0,0,0,0,0,0,0,0,0,0,0,0,0,0,0,0,0,0,0,0,0,1
Darius Slayton,0,0,0,0,0,0,0,0,0,0,0,0,0,0,0,11,1,0,0,0,11,1,100,0,32,469,1,6,2,43,25,78.1,0,84,52
Darnell Mooney,0,0,1,0,0,0,0,39.6,0,0,0,0,0,0,0,0,0,0,0,0,0,0,0,0,48,711,5,16,1,41,34,70.8,0,201,81
Darnell Washington,0,0,0,0,0,0,0,0,0,0,0,0,0,0,0,0,0,0,0,0,0,0,0,0,17,182,1,3,0,29,8,47.1,0,113,22
Davante Adams,0,0,0,0,0,0,0,0,0,0,0,0,0,0,0,0,0,0,0,0,0,0,0,0,44,487,2,7,0,37,22,50,0,187,73
David Bell,0,0,0,0,0,0,0,0,0,0,0,0,0,0,0,0,0,0,0,0,0,0,0,0,3,27,0,0,0,12,1,33.3,0,8,3
David Montgomery,3,3,1,1,100,1,0,118.8,1,100,0,0,3,0,0,632,145,11,1,0,21,43,29.7,2,24,241,0,2,1,40,9,37.5,0,243,26
David Moore,0,0,0,0,0,0,0,0,0,0,0,0,0,0,0,0,0,0,0,0,0,0,0,0,19,202,1,1,0,21,11,57.9,0,30,32
David Njoku,0,0,0,0,0,0,0,0,0,0,0,0,0,0,0,0,0,0,0,0,0,0,0,0,40,345,2,3,0,29,15,37.5,0,182,57
Davis Allen,0,0,0,0,0,0,0,0,0,0,0,0,0,0,0,0,0,0,0,0,0,0,0,0,6,39,0,0,0,13,2,33.3,0,21,12
Davis Mills,79,6.1,13,7,53.8,0,0,72.3,4,30.8,1,0,25,1,7,0,0,0,0,0,0,0,0,0,0,0,0,0,0,0,0,0,0,0,0
Dawson Knox,0,0,0,0,0,0,0,0,0,0,0,0,0,0,0,0,0,0,0,0,0,0,0,0,14,182,1,5,0,34,8,57.1,0,53,22
De'Von Achane,0,0,0,0,0,0,0,0,0,0,0,0,0,0,0,562,132,3,2,1,47,24,18.2,0,49,373,5,2,0,39,19,38.8,0,437,55
DeAndre Carter,0,0,0,0,0,0,0,0,0,0,0,0,0,0,0,0,0,0,0,0,0,0,0,0,9,72,0,0,0,14,3,33.3,0,32,14
DeAndre Hopkins,0,0,0,0,0,0,0,0,0,0,0,0,0,0,0,0,0,0,0,0,0,0,0,0,37,408,4,4,0,35,26,70.3,1,60,48
DeVonta Smith,0,0,0,0,0,0,0,0,0,0,0,0,0,0,0,0,0,0,0,0,0,0,0,0,41,516,4,7,3,46,25,61,0,186,56
Dee Eskridge,0,0,0,0,0,0,0,0,0,0,0,0,0,0,0,0,0,0,0,0,0,0,0,0,2,36,0,1,0,30,2,100,0,18,2
DeeJay Dallas,0,0,0,0,0,0,0,0,0,0,0,0,0,0,0,12,4,0,0,0,6,1,25,0,0,0,0,0,0,0,0,0,0,0,0
Deebo Samuel Sr.,0,0,0,0,0,0,0,0,0,0,0,0,0,1,4,79,27,1,0,0,12,2,7.4,0,34,511,1,8,3,76,21,61.8,0,282,56
Demarcus Robinson,0,0,0,0,0,0,0,0,0,0,0,0,0,0,0,0,0,0,0,0,0,0,0,0,26,384,6,6,1,42,22,84.6,0,26,50
Demario Douglas,0,0,0,0,0,0,0,0,0,0,0,0,0,0,0,10,2,0,0,0,9,0,0,0,48,477,1,7,0,35,23,47.9,0,296,66
Derek Carr,1742,8.3,211,145,68.7,13,4,106.4,72,34.1,21,7,71,7,39,47,13,1,0,0,13,3,23.1,1,0,0,0,0,0,0,0,0,0,0,0
Derius Davis,0,0,0,0,0,0,0,0,0,0,0,0,0,0,0,43,7,0,0,0,10,2,28.6,0,5,43,0,0,0,17,2,40,0,68,7
Derrick Henry,0,0,0,0,0,0,0,0,0,0,0,0,0,0,0,1325,221,13,14,3,87,60,27.2,3,10,96,2,2,0,27,5,50,0,119,12
Deshaun Watson,1148,5.3,216,137,63.4,5,3,79,49,22.7,11,0,35,33,191,148,31,1,0,0,16,8,25.8,2,0,0,0,0,0,0,0,0,0,0,0
Desmond Ridder,138,5.3,26,16,61.5,1,0,88.3,7,26.9,2,0,28,6,50,5,2,0,0,0,3,0,0,0,0,0,0,0,0,0,0,0,0,0,0
Deuce Vaughn,0,0,0,0,0,0,0,0,0,0,0,0,0,0,0,33,11,0,0,0,7,0,0,0,3,18,0,0,0,8,0,0,0,13,5
Devaughn Vele,0,0,0,0,0,0,0,0,0,0,0,0,0,0,0,0,0,0,0,0,0,0,0,0,32,361,1,6,0,37,18,56.2,0,110,41
Deven Thompkins,0,0,0,0,0,0,0,0,0,0,0,0,0,0,0,-2,1,0,0,0,-2,0,0,0,3,13,0,0,0,12,1,33.3,0,27,3
Devin Duvernay,0,0,0,0,0,0,0,0,0,0,0,0,0,0,0,10,3,0,0,0,4,1,33.3,0,1,-1,0,0,0,0,0,0,0,2,3
Devin Singletary,0,0,0,0,0,0,0,0,0,0,0,0,0,0,0,326,80,3,2,1,43,18,22.5,2,16,99,0,1,0,23,4,25,0,146,18
Diontae Johnson,0,0,0,0,0,0,0,0,0,0,0,0,0,0,0,6,2,0,0,0,4,1,50,0,31,363,3,5,0,39,20,64.5,0,87,63
Divine Deablo,0,0,0,0,0,0,0,0,0,0,0,0,0,0,0,0,0,0,0,0,0,0,0,0,1,34,0,1,0,34,1,100,0,30,1
Dominick Puni,0,0,0,0,0,0,0,0,0,0,0,0,0,0,0,0,0,0,0,0,0,0,0,0,0,-3,0,0,0,-3,1,0,0,0,0
Dontayvion Wicks,0,0,0,0,0,0,0,0,0,0,0,0,0,0,0,0,0,0,0,0,0,0,0,0,17,217,4,3,0,36,13,76.5,0,72,46
Dorian Thompson-Robinson,82,3.3,25,11,44,0,2,19.1,3,12,0,0,16,1,3,44,3,0,1,0,34,2,66.7,0,0,0,0,0,0,0,0,0,0,0,0
Drake London,0,0,0,0,0,0,0,0,0,0,0,0,0,0,0,0,0,0,0,0,0,0,0,0,61,710,6,4,0,31,39,63.9,0,175,90
Drake Maye,1458,6.4,226,148,65.5,10,7,85.4,71,31.4,16,1,40,21,159,286,33,1,2,0,26,15,45.4,1,0,0,0,0,0,0,0,0,0,0,0
Drew Lock,9,1,9,4,44.4,0,0,51.6,0,0,0,0,5,1,6,13,1,0,0,0,13,1,100,0,0,0,0,0,0,0,0,0,0,0,0
Drew Sample,0,0,0,0,0,0,0,0,0,0,0,0,0,0,0,-4,1,0,0,0,-4,0,0,0,9,51,1,0,0,12,3,33.3,1,33,11
Durham Smythe,0,0,0,0,0,0,0,0,0,0,0,0,0,0,0,0,0,0,0,0,0,0,0,0,6,32,0,0,0,8,1,16.7,0,12,11
Dyami Brown,0,0,0,0,0,0,0,0,0,0,0,0,0,0,0,14,1,0,0,0,14,1,100,0,16,171,1,4,1,41,8,50,0,108,22
Dylan Laube,0,0,0,0,0,0,0,0,0,0,0,0,0,0,0,0,1,0,0,0,0,0,0,1,0,0,0,0,0,0,0,0,0,0,0
Elijah Higgins,0,0,0,0,0,0,0,0,0,0,0,0,0,0,0,0,0,0,0,0,0,0,0,0,15,121,2,1,0,23,7,46.7,0,65,17
Elijah Moore,0,0,0,0,0,0,0,0,0,0,0,0,0,0,0,0,0,0,0,0,0,0,0,0,42,336,1,2,0,30,14,33.3,0,87,63
Emanuel Wilson,0,0,0,0,0,0,0,0,0,0,0,0,0,0,0,312,66,1,0,0,19,16,24.2,0,9,46,1,1,0,30,3,33.3,0,86,12
Emari Demercado,0,0,0,0,0,0,0,0,0,0,0,0,0,0,0,211,21,1,2,2,53,7,33.3,0,11,86,0,1,0,24,3,27.3,0,71,14
Eric Gray,0,0,0,0,0,0,0,0,0,0,0,0,0,0,0,25,13,0,0,0,6,1,7.7,1,8,76,0,0,0,19,3,37.5,0,99,9
Eric Saubert,0,0,0,0,0,0,0,0,0,0,0,0,0,0,0,0,0,0,0,0,0,0,0,0,5,74,0,1,0,20,4,80,0,11,7
Eric Tomlinson,0,0,0,0,0,0,0,0,0,0,0,0,0,0,0,0,0,0,0,0,0,0,0,0,2,9,0,0,0,7,0,0,0,12,4
Erick All,0,0,0,0,0,0,0,0,0,0,0,0,0,0,0,0,0,0,0,0,0,0,0,0,20,158,0,1,0,28,8,40,0,87,22
Erik Ezukanma,0,0,0,0,0,0,0,0,0,0,0,0,0,0,0,0,0,0,0,0,0,0,0,0,0,0,0,0,0,0,0,0,0,0,2
Evan Engram,0,0,0,0,0,0,0,0,0,0,0,0,0,0,0,0,0,0,0,0,0,0,0,0,36,291,1,2,0,24,14,38.9,1,114,49
Ezekiel Elliott,0,0,0,0,0,0,0,0,0,0,0,0,0,0,0,185,58,2,0,0,11,9,15.5,1,10,56,0,0,0,15,2,20,0,84,13
Feleipe Franks,0,0,0,0,0,0,0,0,0,0,0,0,0,0,0,0,0,0,0,0,0,0,0,0,0,0,0,0,0,0,0,0,0,0,1
Foster Moreau,0,0,0,0,0,0,0,0,0,0,0,0,0,0,0,0,0,0,0,0,0,0,0,0,15,217,3,4,1,41,11,73.3,0,63,21
Gabe Davis,0,0,0,0,0,0,0,0,0,0,0,0,0,0,0,0,0,0,0,0,0,0,0,0,20,239,2,6,0,22,13,65,1,39,42
Gardner Minshew,2013,6.6,306,203,66.3,9,10,81,106,34.6,22,2,57,29,164,58,19,0,0,0,11,5,26.3,2,0,0,0,0,0,0,0,0,0,0,0
Garrett Wilson,0,0,0,0,0,0,0,0,0,0,0,0,0,0,0,5,1,0,0,0,5,1,100,0,69,722,5,11,0,35,40,58,1,282,108
Geno Smith,3035,7.5,405,280,69.1,12,12,88.4,149,36.8,33,4,71,37,241,224,43,2,3,0,34,14,32.6,3,0,0,0,0,0,0,0,0,0,0,0
Geoff Swaim,0,0,0,0,0,0,0,0,0,0,0,0,0,0,0,0,0,0,0,0,0,0,0,0,1,7,0,0,0,7,0,0,0,5,1
George Kittle,0,0,0,0,0,0,0,0,0,0,0,0,0,0,0,0,0,0,0,0,0,0,0,0,49,642,8,11,2,43,31,63.3,0,258,59
George Pickens,0,0,0,0,0,0,0,0,0,0,0,0,0,0,0,-6,2,0,0,0,4,0,0,0,52,776,2,14,3,44,32,61.5,1,157,84
Gerald Everett,0,0,0,0,0,0,0,0,0,0,0,0,0,0,0,0,0,0,0,0,0,0,0,0,7,30,0,0,0,17,1,14.3,0,37,11
Grant Calcaterra,0,0,0,0,0,0,0,0,0,0,0,0,0,0,0,0,0,0,0,0,0,0,0,0,17,216,0,4,0,34,12,70.6,0,116,20
Grant DuBose,0,0,0,0,0,0,0,0,0,0,0,0,0,0,0,0,0,0,0,0,0,0,0,0,1,13,0,0,0,13,1,100,0,0,3
Greg Dortch,0,0,0,0,0,0,0,0,0,0,0,0,0,0,0,4,1,0,0,0,4,0,0,0,23,192,1,0,0,16,10,43.5,1,137,35
Greg Dulcich,0,0,0,0,0,0,0,0,0,0,0,0,0,0,0,0,0,0,0,0,0,0,0,0,5,28,0,0,0,9,0,0,0,15,12
Gus Edwards,0,0,0,0,0,0,0,0,0,0,0,0,0,0,0,206,63,1,0,0,11,9,14.3,0,1,2,0,0,0,2,0,0,0,4,2
Harrison Bryant,0,0,0,0,0,0,0,0,0,0,0,0,0,0,0,0,0,0,0,0,0,0,0,0,9,86,0,0,0,18,5,55.6,0,71,12
Hassan Haskins,0,0,0,0,0,0,0,0,0,0,0,0,0,0,0,26,13,1,0,0,5,6,46.2,0,0,0,0,0,0,0,0,0,0,0,0
Hayden Hurst,0,0,0,0,0,0,0,0,0,0,0,0,0,0,0,0,0,0,0,0,0,0,0,0,7,65,0,1,0,27,1,14.3,0,17,12
Hendon Hooker,62,6.9,9,6,66.7,0,0,86.3,3,33.3,1,0,21,1,9,2,5,0,0,0,3,1,20,0,0,0,0,0,0,0,0,0,0,0,0
Hunter Henry,0,0,0,0,0,0,0,0,0,0,0,0,0,0,0,0,0,0,0,0,0,0,0,0,51,535,1,4,0,35,30,58.8,0,212,74
Hunter Long,0,0,0,0,0,0,0,0,0,0,0,0,0,0,0,0,0,0,0,0,0,0,0,0,5,43,0,0,0,18,1,20,0,20,5
Hunter Luepke,0,0,0,0,0,0,0,0,0,0,0,0,0,0,0,19,6,0,0,0,6,4,66.7,0,10,105,0,1,0,24,5,50,0,81,12
Ian Thomas,0,0,0,0,0,0,0,0,0,0,0,0,0,0,0,0,0,0,0,0,0,0,0,0,3,7,0,0,0,3,1,33.3,0,6,6
Irvin Charles,0,0,0,0,0,0,0,0,0,0,0,0,0,0,0,0,0,0,0,0,0,0,0,0,0,0,0,0,0,0,0,0,0,0,1
Isaac Guerendo,0,0,0,0,0,0,0,0,0,0,0,0,0,0,0,227,38,1,1,1,76,8,21,0,4,22,0,0,0,12,2,50,1,20,5
Isaac Seumalo,0,0,0,0,0,0,0,0,0,0,0,0,0,0,0,0,0,0,0,0,0,0,0,0,0,0,0,0,0,0,0,0,0,0,0
Isaiah Davis,0,0,0,0,0,0,0,0,0,0,0,0,0,0,0,18,4,0,0,0,12,2,50,0,1,10,0,0,0,10,1,100,0,7,1
Isaiah Hodgins,0,0,0,0,0,0,0,0,0,0,0,0,0,0,0,0,0,0,0,0,0,0,0,0,2,12,0,0,0,7,0,0,0,1,2
Isaiah Likely,0,0,0,0,0,0,0,0,0,0,0,0,0,0,0,0,0,0,0,0,0,0,0,0,28,346,3,4,2,49,18,64.3,1,213,39
Isaiah Williams,0,0,0,0,0,0,0,0,0,0,0,0,0,0,0,0,0,0,0,0,0,0,0,0,2,6,0,0,0,4,0,0,0,7,3
Isiah Pacheco,0,0,0,0,0,0,0,0,0,0,0,0,0,0,0,135,34,1,0,0,11,6,17.6,0,7,54,0,1,0,23,3,42.9,0,82,8
J.J. Taylor,0,0,0,0,0,0,0,0,0,0,0,0,0,0,0,44,10,0,0,0,9,1,10,0,2,0,0,0,0,2,0,0,0,1,3
J.K. Dobbins,0,0,0,0,0,0,0,0,0,0,0,0,0,0,0,766,158,8,6,3,61,39,24.7,0,28,134,0,0,0,15,6,21.4,0,175,34
J.K. Scott,0,0,0,0,0,0,0,0,0,0,0,0,0,0,0,0,1,0,0,0,0,0,0,1,0,0,0,0,0,0,0,0,0,0,0
Ja'Lynn Polk,0,0,0,0,0,0,0,0,0,0,0,0,0,0,0,0,1,0,0,0,0,0,0,0,12,87,2,1,0,21,4,33.3,0,13,30
Ja'Marr Chase,0,0,0,0,0,0,0,0,0,0,0,0,0,0,0,11,1,0,0,0,11,1,100,0,73,1056,12,13,6,70,47,64.4,0,481,100
Ja'Tavion Sanders,0,0,0,0,0,0,0,0,0,0,0,0,0,0,0,0,0,0,0,0,0,0,0,0,29,302,1,5,1,46,11,37.9,1,169,35
JaMycal Hasty,0,0,0,0,0,0,0,0,0,0,0,0,0,0,0,69,20,0,0,0,15,4,20,0,10,59,1,0,0,16,2,20,0,72,12
Jack Fox,17,17,1,1,100,0,0,118.8,1,100,0,0,17,0,0,0,0,0,0,0,0,0,0,0,0,0,0,0,0,0,0,0,0,0,0
Jack Stoll,0,0,0,0,0,0,0,0,0,0,0,0,0,0,0,0,0,0,0,0,0,0,0,0,2,10,0,0,0,6,0,0,0,2,3
Jacob Cowing,0,0,0,0,0,0,0,0,0,0,0,0,0,0,0,0,0,0,0,0,0,0,0,0,2,50,0,1,1,41,1,50,0,16,3
Jacoby Brissett,828,5.2,159,94,59.1,2,1,74.6,41,25.8,7,1,50,18,119,62,15,0,0,0,16,5,33.3,1,0,0,0,0,0,0,0,0,0,0,0
Jaden Hicks,0,0,0,0,0,0,0,0,0,0,0,0,0,0,0,1,1,0,0,0,1,0,0,0,0,0,0,0,0,0,0,0,0,0,0
Jaelon Darden,0,0,0,0,0,0,0,0,0,0,0,0,0,0,0,0,0,0,0,0,0,0,0,0,1,6,0,0,0,6,1,100,0,9,1
Jahan Dotson,0,0,0,0,0,0,0,0,0,0,0,0,0,0,0,13,1,0,0,0,13,1,100,0,10,110,0,2,0,36,6,60,0,47,18
Jaheim Bell,0,0,0,0,0,0,0,0,0,0,0,0,0,0,0,0,0,0,0,0,0,0,0,0,1,1,0,0,0,1,0,0,0,3,2
Jahmyr Gibbs,0,0,0,0,0,0,0,0,0,0,0,0,0,0,0,886,154,10,7,2,70,41,26.6,0,26,265,1,4,1,54,13,50,0,335,32
Jake Bailey,0,0,0,0,0,0,0,0,0,0,0,0,0,0,0,0,1,0,0,0,0,0,0,0,0,0,0,0,0,0,0,0,0,0,0
Jake Bobo,0,0,0,0,0,0,0,0,0,0,0,0,0,0,0,0,0,0,0,0,0,0,0,0,10,89,0,0,0,15,5,50,0,24,14
Jake Brendel,0,0,0,0,0,0,0,0,0,0,0,0,0,0,0,0,0,0,0,0,0,0,0,0,0,2,0,0,0,2,1,0,1,0,0
Jake Browning,0,0,0,0,0,0,0,0,0,0,0,0,0,0,0,-1,1,0,0,0,-1,0,0,0,0,0,0,0,0,0,0,0,0,0,0
Jake Ferguson,0,0,0,0,0,0,0,0,0,0,0,0,0,0,0,0,0,0,0,0,0,0,0,0,43,369,0,4,0,27,15,34.9,3,229,58
Jake Haener,177,6.1,29,14,48.3,1,0,79.2,8,27.6,2,0,36,2,16,16,9,0,0,0,9,0,0,0,0,0,0,0,0,0,0,0,0,0,0
Jakobi Meyers,0,0,0,0,0,0,0,0,0,0,0,0,0,0,0,23,2,0,1,0,20,1,50,0,53,579,2,6,0,33,32,60.4,0,170,75
Jaleel McLaughlin,0,0,0,0,0,0,0,0,0,0,0,0,0,0,0,283,66,1,1,0,21,14,21.2,0,16,47,2,0,0,11,3,18.8,1,105,18
Jalen Brooks,0,0,0,0,0,0,0,0,0,0,0,0,0,0,0,0,0,0,0,0,0,0,0,0,9,148,0,2,1,41,6,66.7,0,35,27
Jalen Coker,0,0,0,0,0,0,0,0,0,0,0,0,0,0,0,0,0,0,0,0,0,0,0,0,17,263,1,4,0,31,14,82.4,0,89,26
Jalen Hurts,2376,8.3,285,197,69.1,13,5,102.3,109,38.2,36,10,67,29,220,456,115,11,4,0,24,48,41.7,2,0,0,0,0,0,0,0,0,0,0,0
Jalen McMillan,0,0,0,0,0,0,0,0,0,0,0,0,0,0,0,28,2,0,0,0,17,2,100,0,11,120,1,2,0,32,7,63.6,0,37,24
Jalen Nailor,0,0,0,0,0,0,0,0,0,0,0,0,0,0,0,-4,3,0,0,0,3,1,33.3,0,17,252,5,5,0,33,14,82.4,0,62,28
Jalen Reagor,0,0,0,0,0,0,0,0,0,0,0,0,0,0,0,-3,3,0,0,0,1,0,0,0,6,96,0,2,1,41,3,50,1,25,11
Jalen Reeves-Maybin,0,0,0,0,0,0,0,0,0,0,0,0,0,0,0,1,1,0,0,0,1,0,0,0,0,0,0,0,0,0,0,0,0,0,0
Jalen Tolbert,0,0,0,0,0,0,0,0,0,0,0,0,0,0,0,0,0,0,0,0,0,0,0,0,37,410,4,4,1,48,20,54,0,81,57
Jalin Hyatt,0,0,0,0,0,0,0,0,0,0,0,0,0,0,0,0,0,0,0,0,0,0,0,0,5,45,0,0,0,19,2,40,0,1,12
Jamaal Williams,0,0,0,0,0,0,0,0,0,0,0,0,0,0,0,124,32,1,0,0,14,8,25,0,4,21,0,0,0,13,1,25,0,27,6
Jamari Thrash,0,0,0,0,0,0,0,0,0,0,0,0,0,0,0,0,0,0,0,0,0,0,0,0,1,11,0,0,0,11,1,100,0,8,1
Jameis Winston,1266,7.4,172,107,62.2,7,4,88.5,60,34.9,15,1,89,13,55,46,16,1,0,0,13,12,75,0,0,0,0,0,0,0,0,0,0,0,0
James Conner,0,0,0,0,0,0,0,0,0,0,0,0,0,0,0,705,166,5,3,0,22,46,27.7,1,29,288,0,3,1,44,10,34.5,2,335,35
James Cook,0,0,0,0,0,0,0,0,0,0,0,0,0,0,0,596,137,10,2,1,49,33,24.1,0,25,182,1,2,0,25,9,36,0,191,31
James Pierre,0,0,0,0,0,0,0,0,0,0,0,0,0,0,0,0,0,0,0,0,0,0,0,0,0,0,0,0,0,0,0,0,0,0,1
James Proche,0,0,0,0,0,0,0,0,0,0,0,0,0,0,0,0,0,0,0,0,0,0,0,0,1,3,0,0,0,3,0,0,0,4,1
Jameson Williams,0,0,0,0,0,0,0,0,0,0,0,0,0,0,0,38,6,0,0,0,15,3,50,0,29,602,4,12,4,70,23,79.3,0,296,48
Jamison Crowder,0,0,0,0,0,0,0,0,0,0,0,0,0,0,0,0,0,0,0,0,0,0,0,0,1,5,0,0,0,5,0,0,0,8,1
Jared Goff,2761,9,306,223,72.9,20,9,109.9,134,43.8,41,8,70,21,163,39,24,0,0,0,8,6,25,0,1,7,1,0,0,7,1,100,0,2,1
Jared Wiley,0,0,0,0,0,0,0,0,0,0,0,0,0,0,0,0,0,0,0,0,0,0,0,0,1,7,0,0,0,7,0,0,0,3,1
Jarrett Stidham,0,0,0,0,0,0,0,0,0,0,0,0,0,0,0,-2,2,0,0,0,-1,0,0,0,0,0,0,0,0,0,0,0,0,0,0
Jase McClellan,0,0,0,0,0,0,0,0,0,0,0,0,0,0,0,32,13,0,0,0,8,2,15.4,0,0,0,0,0,0,0,0,0,0,0,0
Jauan Jennings,0,0,0,0,0,0,0,0,0,0,0,0,0,0,0,0,0,0,0,0,0,0,0,0,47,628,4,10,1,45,31,66,0,128,65
Javon Baker,0,0,0,0,0,0,0,0,0,0,0,0,0,0,0,0,0,0,0,0,0,0,0,0,0,0,0,0,0,0,0,0,0,0,1
Javonte Williams,0,0,0,0,0,0,0,0,0,0,0,0,0,0,0,445,120,3,1,0,20,25,20.8,2,37,256,0,2,0,34,10,27,0,280,48
Jaxon Smith-Njigba,35,35,1,1,100,0,0,118.8,1,100,1,0,35,0,0,8,1,0,0,0,8,1,100,0,66,755,4,8,2,46,37,56.1,1,338,93
Jayden Daniels,2613,7.9,332,227,68.4,12,5,97.6,120,36.1,35,8,86,27,139,556,99,5,4,1,46,34,34.3,2,0,0,0,0,0,0,0,0,0,0,0
Jayden Reed,0,0,0,0,0,0,0,0,0,0,0,0,0,0,0,105,12,1,2,0,33,5,41.7,0,41,669,4,12,5,70,22,53.7,0,307,52
Jaylen Waddle,0,0,0,0,0,0,0,0,0,0,0,0,0,0,0,6,3,0,0,0,4,0,0,0,41,548,2,10,1,63,27,65.8,0,175,56
Jaylen Warren,0,0,0,0,0,0,0,0,0,0,0,0,0,0,0,303,75,1,0,0,18,17,22.7,1,21,142,0,1,0,26,6,28.6,0,150,25
Jaylen Wright,0,0,0,0,0,0,0,0,0,0,0,0,0,0,0,243,59,0,1,0,20,10,17,1,1,2,0,0,0,2,0,0,0,0,3
Jeff Wilson,0,0,0,0,0,0,0,0,0,0,0,0,0,0,0,40,8,0,0,0,14,1,12.5,0,2,12,0,0,0,6,0,0,0,13,2
Jeremy McNichols,0,0,0,0,0,0,0,0,0,0,0,0,0,0,0,217,44,4,2,0,28,12,27.3,0,2,7,0,0,0,6,0,0,0,9,3
Jeremy Ruckert,0,0,0,0,0,0,0,0,0,0,0,0,0,0,0,0,0,0,0,0,0,0,0,0,13,73,0,0,0,12,5,38.5,0,63,18
Jermaine Burton,0,0,0,0,0,0,0,0,0,0,0,0,0,0,0,0,0,0,0,0,0,0,0,0,4,107,0,2,2,47,4,100,0,22,14
Jermaine Jackson,0,0,0,0,0,0,0,0,0,0,0,0,0,0,0,-1,1,0,0,0,-1,0,0,0,0,0,0,0,0,0,0,0,0,0,0
Jerome Ford,0,0,0,0,0,0,0,0,0,0,0,0,0,0,0,298,61,1,2,0,36,17,27.9,0,26,126,0,1,0,24,4,15.4,0,186,31
Jerry Jeudy,0,0,0,0,0,0,0,0,0,0,0,0,0,0,0,0,0,0,0,0,0,0,0,0,45,645,2,7,1,89,31,68.9,0,153,78
Jha'Quan Jackson,0,0,0,0,0,0,0,0,0,0,0,0,0,0,0,-5,1,0,0,0,-5,0,0,0,1,8,0,0,0,8,1,100,0,2,3
Joe Burrow,3028,7.4,408,274,67.2,27,4,106.9,155,38,33,10,70,26,138,151,31,1,1,1,47,13,41.9,2,0,0,0,0,0,0,0,0,0,0,0
Joe Flacco,1167,6.9,170,113,66.5,9,5,91.5,60,35.3,15,2,65,13,101,25,8,0,1,0,21,2,25,1,0,0,0,0,0,0,0,0,0,0,0
Joe Mixon,0,0,1,0,0,0,0,39.6,0,0,0,0,0,0,0,786,185,10,6,2,59,37,20,0,23,226,1,4,0,37,10,43.5,0,262,34
John Bates,0,0,0,0,0,0,0,0,0,0,0,0,0,0,0,0,0,0,0,0,0,0,0,0,6,64,0,1,0,20,1,16.7,1,38,9
John FitzPatrick,0,0,0,0,0,0,0,0,0,0,0,0,0,0,0,0,0,0,0,0,0,0,0,0,1,2,0,0,0,2,0,0,0,0,1
John Metchie III,0,0,0,0,0,0,0,0,0,0,0,0,0,0,0,0,0,0,0,0,0,0,0,0,13,149,1,2,0,28,8,61.5,0,56,19
John Ross,0,0,0,0,0,0,0,0,0,0,0,0,0,0,0,0,0,0,0,0,0,0,0,0,1,6,0,0,0,6,1,100,0,2,2
John Shenker,0,0,0,0,0,0,0,0,0,0,0,0,0,0,0,0,0,0,0,0,0,0,0,0,1,7,0,0,0,7,0,0,0,3,1
Johnny Hekker,0,0,2,0,0,0,0,39.6,0,0,0,0,0,0,0,0,0,0,0,0,0,0,0,0,0,0,0,0,0,0,0,0,0,0,0
Johnny Mundt,0,0,0,0,0,0,0,0,0,0,0,0,0,0,0,0,0,0,0,0,0,0,0,0,16,113,1,1,0,20,5,31.2,0,57,23
Johnny Wilson,0,0,0,0,0,0,0,0,0,0,0,0,0,0,0,0,0,0,0,0,0,0,0,0,2,14,1,0,0,9,2,100,0,6,8
Jonathan Mingo,0,0,0,0,0,0,0,0,0,0,0,0,0,0,0,5,2,0,0,0,3,0,0,1,13,129,0,2,0,35,4,30.8,0,64,32
Jonathan Taylor,0,0,0,0,0,0,0,0,0,0,0,0,0,0,0,708,161,5,7,1,58,34,21.1,0,13,111,0,1,0,25,6,46.2,1,130,22
Jonathan Ward,0,0,0,0,0,0,0,0,0,0,0,0,0,0,0,22,5,0,0,0,7,1,20,0,0,0,0,0,0,0,0,0,0,0,0
Jonathon Brooks,0,0,0,0,0,0,0,0,0,0,0,0,0,0,0,7,2,0,0,0,4,0,0,0,0,0,0,0,0,0,0,0,0,0,0
Jonnu Smith,0,0,0,0,0,0,0,0,0,0,0,0,0,0,0,-1,2,0,0,0,0,0,0,0,48,535,4,2,1,57,33,68.8,0,307,63
Jordan Addison,0,0,0,0,0,0,0,0,0,0,0,0,0,0,0,20,3,1,0,0,9,1,33.3,0,32,521,4,9,4,69,22,68.8,0,117,50
Jordan Akins,0,0,0,0,0,0,0,0,0,0,0,0,0,0,0,0,0,0,0,0,0,0,0,0,23,229,1,2,0,21,12,52.2,1,84,34
Jordan Love,2244,8,280,173,61.8,18,11,92,100,35.7,32,9,70,10,70,48,18,1,0,0,13,7,38.9,3,0,0,0,0,0,0,0,0,0,0,0
Jordan Mason,0,0,0,0,0,0,0,0,0,0,0,0,0,0,0,711,140,3,8,0,38,32,22.9,3,11,91,0,1,0,24,6,54.6,0,53,14
Jordan Matthews,0,0,0,0,0,0,0,0,0,0,0,0,0,0,0,0,0,0,0,0,0,0,0,0,0,0,0,0,0,0,0,0,0,0,1
Jordan Mims,0,0,0,0,0,0,0,0,0,0,0,0,0,0,0,42,14,0,0,0,9,1,7.1,0,4,42,0,1,0,25,2,50,0,44,7
Jordan Whittington,0,0,0,0,0,0,0,0,0,0,0,0,0,0,0,0,0,0,0,0,0,0,0,0,18,201,0,2,0,31,10,55.6,0,103,23
Joseph Fortson,0,0,0,0,0,0,0,0,0,0,0,0,0,0,0,0,0,0,0,0,0,0,0,0,1,5,0,0,0,5,1,100,0,2,3
Josh Allen,2543,7.5,339,217,64,18,5,98.2,117,34.5,38,7,63,13,61,316,67,5,2,0,26,30,44.8,0,0,0,0,0,0,0,0,0,0,0,0
Josh Downs,0,0,0,0,0,0,0,0,0,0,0,0,0,0,0,12,1,0,0,0,13,1,100,0,53,594,4,7,1,69,31,58.5,0,246,78
Josh Jacobs,0,0,0,0,0,0,0,0,0,0,0,0,0,0,0,944,202,7,6,0,38,47,23.3,2,23,186,1,3,0,23,9,39.1,0,224,30
Josh Johnson,1,1,1,1,100,0,0,79.2,0,0,0,0,1,0,0,2,3,0,0,0,2,0,0,0,0,0,0,0,0,0,0,0,0,0,0
Josh Oliver,0,0,0,0,0,0,0,0,0,0,0,0,0,0,0,0,0,0,0,0,0,0,0,0,19,216,3,4,0,28,12,63.2,0,97,22
Josh Palmer,0,0,0,0,0,0,0,0,0,0,0,0,0,0,0,0,0,0,0,0,0,0,0,0,23,403,1,8,1,45,19,82.6,0,72,40
Josh Reynolds,0,0,0,0,0,0,0,0,0,0,0,0,0,0,0,0,0,0,0,0,0,0,0,0,12,183,1,4,1,49,8,66.7,0,35,19
Josh Whyle,0,0,0,0,0,0,0,0,0,0,0,0,0,0,0,0,0,0,0,0,0,0,0,0,15,148,0,2,0,33,10,66.7,0,89,19
Josiah Deguara,0,0,0,0,0,0,0,0,0,0,0,0,0,0,0,0,0,0,0,0,0,0,0,0,2,10,0,0,0,8,0,0,0,10,2
JuJu Smith-Schuster,0,0,0,0,0,0,0,0,0,0,0,0,0,0,0,0,0,0,0,0,0,0,0,0,11,161,1,2,1,50,6,54.6,0,112,15
Juanyeh Thomas,0,0,0,0,0,0,0,0,0,0,0,0,0,0,0,0,0,0,0,0,0,0,0,0,1,4,0,0,0,4,0,0,0,0,1
Julian Hill,0,0,0,0,0,0,0,0,0,0,0,0,0,0,0,0,0,0,0,0,0,0,0,0,10,81,0,0,0,17,4,40,1,47,16
Julius Chestnut,0,0,0,0,0,0,0,0,0,0,0,0,0,0,0,74,17,0,0,0,12,1,5.9,0,2,11,0,0,0,9,0,0,0,14,2
Justice Hill,0,0,0,0,0,0,0,0,0,0,0,0,0,0,0,185,40,1,1,1,51,12,30,0,33,307,2,2,0,24,14,42.4,0,336,39
Justin Fields,1106,6.9,161,106,65.8,5,1,93.3,45,28,15,2,55,16,124,274,60,5,1,0,30,18,30,4,0,0,0,0,0,0,0,0,0,0,0
Justin Herbert,2404,7.7,313,197,62.9,13,1,99,106,33.9,35,4,66,27,148,211,45,2,3,0,38,12,26.7,2,0,0,0,0,0,0,0,0,0,0,0
Justin Jefferson,22,22,1,1,100,0,0,118.8,1,100,1,0,22,0,0,3,1,0,0,0,3,0,0,0,61,939,5,18,3,97,41,67.2,1,258,91
Justin Watson,0,0,0,0,0,0,0,0,0,0,0,0,0,0,0,0,0,0,0,0,0,0,0,0,18,218,0,1,0,25,10,55.6,0,59,22
Justyn Ross,0,0,0,0,0,0,0,0,0,0,0,0,0,0,0,0,0,0,0,0,0,0,0,0,0,0,0,0,0,0,0,0,0,0,1
Juwan Johnson,0,0,0,0,0,0,0,0,0,0,0,0,0,0,0,0,0,0,0,0,0,0,0,0,25,277,2,4,0,27,13,52,0,99,32
K.J. Osborn,0,0,0,0,0,0,0,0,0,0,0,0,0,0,0,0,0,0,0,0,0,0,0,0,7,57,1,1,0,22,2,28.6,0,16,18
KaVontae Turpin,0,0,0,0,0,0,0,0,0,0,0,0,0,0,0,14,5,0,0,0,11,1,20,1,21,275,2,4,1,64,12,57.1,1,145,32
Kadarius Toney,0,0,0,0,0,0,0,0,0,0,0,0,0,0,0,-7,1,0,0,0,-7,0,0,0,0,0,0,0,0,0,0,0,0,0,0
Kalif Raymond,0,0,0,0,0,0,0,0,0,0,0,0,0,0,0,0,2,0,0,0,12,1,50,0,16,204,2,3,0,38,9,56.2,0,131,21
Kameron Johnson,0,0,0,0,0,0,0,0,0,0,0,0,0,0,0,0,1,0,0,0,0,0,0,0,0,0,0,0,0,0,0,0,0,0,1
Kareem Hunt,0,0,0,0,0,0,0,0,0,0,0,0,0,0,0,577,155,5,0,0,17,31,20,0,17,135,0,1,0,26,8,47.1,0,158,22
Kayshon Boutte,0,0,0,0,0,0,0,0,0,0,0,0,0,0,0,0,0,0,0,0,0,0,0,0,22,289,1,5,1,40,14,63.6,0,43,38
Keenan Allen,0,0,0,0,0,0,0,0,0,0,0,0,0,0,0,0,0,0,0,0,0,0,0,0,39,368,3,3,1,40,22,56.4,1,120,71
Kendre Miller,0,0,0,0,0,0,0,0,0,0,0,0,0,0,0,52,9,0,0,0,16,2,22.2,0,2,1,0,0,0,6,0,0,0,4,3
Kendric Pryor,0,0,0,0,0,0,0,0,0,0,0,0,0,0,0,0,0,0,0,0,0,0,0,0,1,9,0,0,0,9,0,0,0,0,1
Kendrick Bourne,0,0,1,0,0,0,0,39.6,0,0,0,0,0,0,0,0,0,0,0,0,0,0,0,0,16,170,1,1,0,21,8,50,0,65,24
Kenneth Gainwell,0,0,0,0,0,0,0,0,0,0,0,0,0,0,0,219,47,1,0,0,19,10,21.3,0,7,49,0,0,0,11,2,28.6,0,37,11
Kenneth Walker III,0,0,0,0,0,0,0,0,0,0,0,0,0,0,0,493,129,7,5,0,28,24,18.6,0,36,274,1,1,0,21,18,50,0,303,42
Kenny McIntosh,0,0,0,0,0,0,0,0,0,0,0,0,0,0,0,16,4,0,0,0,6,1,25,0,0,0,0,0,0,0,0,0,0,0,0
Kenny Pickett,5,1.7,3,1,33.3,0,0,42.4,0,0,0,0,5,1,8,-1,3,0,0,0,1,1,33.3,0,0,0,0,0,0,0,0,0,0,0,0
Kenny Yeboah,0,0,0,0,0,0,0,0,0,0,0,0,0,0,0,0,0,0,0,0,0,0,0,0,3,27,1,0,0,12,2,66.7,0,27,3
Keon Coleman,0,0,0,0,0,0,0,0,0,0,0,0,0,0,0,0,0,0,0,0,0,0,0,0,22,417,3,10,3,57,16,72.7,0,191,36
Kevin Austin Jr.,0,0,0,0,0,0,0,0,0,0,0,0,0,0,0,0,0,0,0,0,0,0,0,0,3,54,0,1,0,22,3,100,0,12,4
KhaDarel Hodge,0,0,0,0,0,0,0,0,0,0,0,0,0,0,0,0,0,0,0,0,0,0,0,0,5,98,1,2,1,45,4,80,0,73,6
Khalil Herbert,0,0,0,0,0,0,0,0,0,0,0,0,0,0,0,16,8,1,0,0,6,3,37.5,0,2,4,0,0,0,2,0,0,0,6,2
Khalil Shakir,0,0,0,0,0,0,0,0,0,0,0,0,0,0,0,4,2,0,0,0,2,0,0,0,56,599,2,7,1,52,26,46.4,0,460,66
Kimani Vidal,0,0,0,0,0,0,0,0,0,0,0,0,0,0,0,44,18,0,0,0,7,2,11.1,0,3,49,1,1,0,38,1,33.3,0,26,3
Kirk Cousins,2807,7.8,360,245,68.1,17,9,96.6,129,35.8,34,5,52,23,165,-3,19,0,0,0,13,1,5.3,4,0,0,0,0,0,0,0,0,0,0,0
Kristian Wilkerson,0,0,0,0,0,0,0,0,0,0,0,0,0,0,0,0,0,0,0,0,0,0,0,0,2,18,1,0,0,9,2,100,0,11,3
Kyle Allen,19,19,1,1,100,0,0,118.8,1,100,0,0,19,0,0,0,0,0,0,0,0,0,0,0,0,0,0,0,0,0,0,0,0,0,0
Kyle Juszczyk,0,0,0,0,0,0,0,0,0,0,0,0,0,0,0,21,3,1,0,0,14,1,33.3,0,14,119,0,1,0,34,4,28.6,0,40,21
Kyle Pitts,0,0,0,0,0,0,0,0,0,0,0,0,0,0,0,0,0,0,0,0,0,0,0,0,35,494,3,6,3,52,16,45.7,0,227,52
Kyle Trask,0,0,0,0,0,0,0,0,0,0,0,0,0,0,0,-2,2,0,0,0,-1,0,0,0,0,0,0,0,0,0,0,0,0,0,0
Kylen Granson,0,0,0,0,0,0,0,0,0,0,0,0,0,0,0,0,0,0,0,0,0,0,0,0,7,94,0,2,1,40,3,42.9,0,41,16
Kyler Murray,2343,7.5,313,215,68.7,12,4,98,114,36.4,27,2,60,20,124,380,48,4,5,2,50,17,35.4,3,0,0,0,0,0,0,0,0,0,0,0
Kyren Williams,0,0,0,0,0,0,0,0,0,0,0,0,0,0,0,822,207,9,2,0,30,56,27,5,25,136,2,1,0,26,6,24,0,144,31
Ladd McConkey,0,0,0,0,0,0,0,0,0,0,0,0,0,0,0,0,0,0,0,0,0,0,0,0,49,698,4,8,1,60,35,71.4,1,225,69
Lamar Jackson,3053,8.9,343,231,67.4,27,3,117.9,143,41.7,41,10,84,16,96,599,103,3,4,0,33,31,30.1,3,0,0,0,0,0,0,0,0,0,0,0
Laviska Shenault Jr.,0,0,0,0,0,0,0,0,0,0,0,0,0,0,0,1,1,0,0,0,1,0,0,0,5,36,0,0,0,18,2,40,0,46,5
Lil'Jordan Humphrey,0,0,0,0,0,0,0,0,0,0,0,0,0,0,0,0,0,0,0,0,0,0,0,0,29,267,1,5,1,41,10,34.5,2,187,42
Lucas Krull,0,0,0,0,0,0,0,0,0,0,0,0,0,0,0,0,0,0,0,0,0,0,0,0,10,96,0,1,0,23,5,50,0,35,14
Luke Farrell,0,0,0,0,0,0,0,0,0,0,0,0,0,0,0,0,0,0,0,0,0,0,0,0,9,55,0,0,0,11,3,33.3,0,28,12
Luke McCaffrey,0,0,0,0,0,0,0,0,0,0,0,0,0,0,0,0,0,0,0,0,0,0,0,0,14,142,0,2,0,30,6,42.9,0,68,18
Luke Musgrave,0,0,0,0,0,0,0,0,0,0,0,0,0,0,0,0,0,0,0,0,0,0,0,0,5,22,0,0,0,6,1,20,0,15,7
Luke Schoonmaker,0,0,0,0,0,0,0,0,0,0,0,0,0,0,0,0,0,0,0,0,0,0,0,0,17,167,1,3,0,24,7,41.2,0,67,25
Mac Jones,277,4.6,60,37,61.7,0,3,51.9,13,21.7,4,0,24,6,60,15,7,1,0,0,5,3,42.9,1,0,0,0,0,0,0,0,0,0,0,0
Mack Hollins,0,0,0,0,0,0,0,0,0,0,0,0,0,0,0,0,0,0,0,0,0,0,0,0,18,224,3,2,1,44,15,83.3,0,51,31
Malachi Corley,0,0,0,0,0,0,0,0,0,0,0,0,0,0,0,18,1,0,0,0,18,0,0,1,3,16,0,0,0,10,1,33.3,0,5,4
Malik Heath,0,0,0,0,0,0,0,0,0,0,0,0,0,0,0,0,0,0,0,0,0,0,0,0,6,41,1,0,0,12,3,50,0,10,7
Malik Nabers,0,0,1,0,0,0,0,39.6,0,0,0,0,0,0,0,-2,4,0,0,0,2,1,25,0,67,671,3,8,0,39,37,55.2,1,208,103
Malik Washington,0,0,0,0,0,0,0,0,0,0,0,0,0,0,0,36,4,1,0,0,18,1,25,0,8,46,0,0,0,17,1,12.5,0,31,11
Malik Willis,380,9.7,39,29,74.4,3,0,130.3,15,38.5,7,1,51,5,16,137,16,1,3,0,29,6,37.5,0,0,0,0,0,0,0,0,0,0,0,0
MarShawn Lloyd,0,0,0,0,0,0,0,0,0,0,0,0,0,0,0,15,6,0,0,0,5,0,0,0,1,3,0,0,0,3,0,0,0,8,1
Marcedes Lewis,0,0,0,0,0,0,0,0,0,0,0,0,0,0,0,0,0,0,0,0,0,0,0,0,1,2,0,0,0,2,1,100,0,1,1
Marcus Jones,0,0,0,0,0,0,0,0,0,0,0,0,0,0,0,5,1,0,0,0,5,0,0,0,0,0,0,0,0,0,0,0,0,0,0
Marcus Mariota,203,7.8,26,19,73.1,2,0,121.2,12,46.2,2,0,25,1,4,36,13,0,0,0,11,3,23.1,0,0,0,0,0,0,0,0,0,0,0,0
Mark Andrews,0,0,0,0,0,0,0,0,0,0,0,0,0,0,0,2,1,0,0,0,2,1,100,0,37,423,6,3,0,38,26,70.3,0,121,44
Marquez Valdes-Scantling,0,0,0,0,0,0,0,0,0,0,0,0,0,0,0,0,0,0,0,0,0,0,0,0,8,227,3,3,3,71,6,75,0,100,17
Marvin Harrison Jr.,0,0,0,0,0,0,0,0,0,0,0,0,0,0,0,0,0,0,0,0,0,0,0,0,36,546,6,9,1,60,27,75,1,89,66
Marvin Mims Jr.,0,0,0,0,0,0,0,0,0,0,0,0,0,0,0,36,9,0,0,0,17,3,33.3,0,16,162,1,2,0,37,5,31.2,0,174,26
Mason Rudolph,806,6.3,128,76,59.4,4,4,75.2,43,33.6,10,1,47,6,38,61,13,1,0,0,14,6,46.2,3,0,0,0,0,0,0,0,0,0,0,0
Mason Tipton,0,0,0,0,0,0,0,0,0,0,0,0,0,0,0,0,0,0,0,0,0,0,0,0,14,99,0,0,0,15,2,14.3,0,27,25
Matthew Hayball,0,0,0,0,0,0,0,0,0,0,0,0,0,0,0,11,1,0,0,0,11,1,100,0,0,0,0,0,0,0,0,0,0,0,0
Matthew Stafford,2800,7.3,385,256,66.5,15,7,93.2,131,34,34,4,69,26,196,8,13,0,0,0,15,2,15.4,2,0,0,0,0,0,0,0,0,0,0,0
Mecole Hardman,0,0,0,0,0,0,0,0,0,0,0,0,0,0,0,62,5,1,1,0,20,2,40,0,12,90,0,0,0,17,6,50,0,99,14
Michael Burton,0,0,0,0,0,0,0,0,0,0,0,0,0,0,0,4,5,0,0,0,3,2,40,0,7,46,0,1,0,28,1,14.3,0,25,7
Michael Mayer,0,0,0,0,0,0,0,0,0,0,0,0,0,0,0,0,0,0,0,0,0,0,0,0,7,37,0,0,0,11,3,42.9,0,11,12
Michael Penix Jr.,38,7.6,5,3,60,0,0,83.8,3,60,1,0,20,1,0,0,0,0,0,0,0,0,0,0,0,0,0,0,0,0,0,0,0,0,0
Michael Pittman,0,0,0,0,0,0,0,0,0,0,0,0,0,0,0,0,0,0,0,0,0,0,0,0,41,508,2,10,0,33,21,51.2,0,158,72
Michael Wilson,0,0,0,0,0,0,0,0,0,0,0,0,0,0,0,0,0,0,0,0,0,0,0,0,32,361,3,7,0,34,18,56.2,1,70,48
Mike Boone,0,0,0,0,0,0,0,0,0,0,0,0,0,0,0,7,4,0,0,0,5,0,0,0,0,0,0,0,0,0,0,0,0,0,0
Mike Caliendo,0,0,0,0,0,0,0,0,0,0,0,0,0,0,0,0,0,0,0,0,0,0,0,0,1,5,0,0,0,5,1,100,0,3,1
Mike Evans,0,0,0,0,0,0,0,0,0,0,0,0,0,0,0,0,0,0,0,0,0,0,0,0,31,403,6,6,0,26,24,77.4,0,91,51
Mike Gesicki,0,0,0,0,0,0,0,0,0,0,0,0,0,0,0,0,0,0,0,0,0,0,0,0,34,383,2,4,1,47,21,61.8,1,134,47
Mike Williams,0,0,0,0,0,0,0,0,0,0,0,0,0,0,0,0,0,0,0,0,0,0,0,0,13,198,1,4,0,32,10,76.9,0,24,22
Miles Killebrew,0,0,1,0,0,0,0,39.6,0,0,0,0,0,0,0,0,0,0,0,0,0,0,0,0,0,0,0,0,0,0,0,0,0,0,0
Miles Sanders,0,0,0,0,0,0,0,0,0,0,0,0,0,0,0,139,38,1,1,0,26,9,23.7,0,21,98,0,1,0,27,3,14.3,0,137,26
Mitchell Trubisky,5,1.7,3,2,66.7,0,0,70.1,0,0,0,0,3,0,0,-7,7,0,0,0,-1,0,0,0,0,0,0,0,0,0,0,0,0,0,0
Mo Alie-Cox,0,0,0,0,0,0,0,0,0,0,0,0,0,0,0,0,0,0,0,0,0,0,0,0,9,117,1,2,0,22,5,55.6,0,36,16
MyCole Pruitt,0,0,0,0,0,0,0,0,0,0,0,0,0,0,0,0,0,0,0,0,0,0,0,0,2,19,0,0,0,10,0,0,0,4,4
Myles Gaskin,0,0,0,0,0,0,0,0,0,0,0,0,0,0,0,-1,3,0,0,0,2,0,0,0,1,11,0,0,0,11,0,0,0,13,1
Najee Harris,0,0,0,0,0,0,0,0,0,0,0,0,0,0,0,749,191,3,6,0,36,36,18.8,0,23,195,0,3,0,32,8,34.8,0,212,31
Nate Adkins,0,0,0,0,0,0,0,0,0,0,0,0,0,0,0,0,0,0,0,0,0,0,0,0,6,34,2,0,0,12,2,33.3,0,13,7
Nelson Agholor,0,0,0,0,0,0,0,0,0,0,0,0,0,0,0,0,0,0,0,0,0,0,0,0,13,205,2,4,1,56,9,69.2,0,83,26
Nick Chubb,0,0,0,0,0,0,0,0,0,0,0,0,0,0,0,222,73,3,0,0,15,13,17.8,0,3,7,0,0,0,10,1,33.3,0,7,7
Nick Mullens,38,19,2,2,100,0,0,118.8,2,100,1,0,24,0,0,0,1,0,0,0,0,0,0,0,0,0,0,0,0,0,0,0,0,0,0
Nick Vannett,0,0,0,0,0,0,0,0,0,0,0,0,0,0,0,0,0,0,0,0,0,0,0,0,11,84,2,1,0,24,4,36.4,0,60,13
Nick Westbrook-Ikhine,0,0,0,0,0,0,0,0,0,0,0,0,0,0,0,0,0,0,0,0,0,0,0,0,17,304,6,3,1,98,13,76.5,0,92,30
Nico Collins,0,0,0,0,0,0,0,0,0,0,0,0,0,0,0,0,0,0,0,0,0,0,0,0,41,713,4,10,3,67,32,78,0,256,61
Noah Brown,0,0,0,0,0,0,0,0,0,0,0,0,0,0,0,0,0,0,0,0,0,0,0,0,32,426,1,4,1,52,20,62.5,0,79,52
Noah Fant,0,0,0,0,0,0,0,0,0,0,0,0,0,0,0,0,0,0,0,0,0,0,0,0,27,285,0,2,0,28,15,55.6,0,139,32
Noah Gray,0,0,0,0,0,0,0,0,0,0,0,0,0,0,0,0,0,0,0,0,0,0,0,0,27,315,4,4,0,35,20,74.1,0,154,30
Odell Beckham Jr.,0,0,0,0,0,0,0,0,0,0,0,0,0,0,0,0,0,0,0,0,0,0,0,0,7,45,0,0,0,11,2,28.6,0,12,15
Olamide Zaccheaus,0,0,0,0,0,0,0,0,0,0,0,0,0,0,0,0,0,0,0,0,0,0,0,0,24,250,0,2,1,42,14,58.3,0,151,35
Parker Washington,0,0,0,0,0,0,0,0,0,0,0,0,0,0,0,0,0,0,0,0,0,0,0,0,10,118,0,1,0,23,6,60,0,14,18
Parris Campbell,0,0,0,0,0,0,0,0,0,0,0,0,0,0,0,0,0,0,0,0,0,0,0,0,6,30,1,0,0,7,1,16.7,0,9,7
Pat Freiermuth,0,0,0,0,0,0,0,0,0,0,0,0,0,0,0,0,0,0,0,0,0,0,0,0,35,354,3,4,0,30,19,54.3,1,176,40
Patrick Mahomes,2673,7,381,266,69.8,18,11,93.2,148,38.8,28,3,54,27,182,227,44,1,2,0,33,17,38.6,1,1,2,0,0,0,2,0,0,0,3,1
Patrick Ricard,0,0,0,0,0,0,0,0,0,0,0,0,0,0,0,0,0,0,0,0,0,0,0,0,2,8,1,0,0,5,1,50,0,5,4
Patrick Taylor,0,0,0,0,0,0,0,0,0,0,0,0,0,0,0,25,7,0,0,0,6,1,14.3,0,1,12,0,0,0,12,1,100,0,9,1
Payne Durham,0,0,0,0,0,0,0,0,0,0,0,0,0,0,0,0,0,0,0,0,0,0,0,0,2,34,0,1,0,26,1,50,0,6,2
Peyton Hendershot,0,0,0,0,0,0,0,0,0,0,0,0,0,0,0,0,0,0,0,0,0,0,0,0,3,26,0,0,0,11,1,33.3,0,15,3
Pharaoh Brown,0,0,0,0,0,0,0,0,0,0,0,0,0,0,0,0,0,0,0,0,0,0,0,0,5,38,0,0,0,13,1,20,0,19,7
Pierre Strong,0,0,0,0,0,0,0,0,0,0,0,0,0,0,0,69,19,0,0,0,14,4,21,0,7,77,0,2,0,21,3,42.9,0,95,13
Puka Nacua,0,0,0,0,0,0,0,0,0,0,0,0,0,0,0,12,3,0,0,0,7,0,0,0,37,490,1,6,0,37,25,67.6,0,227,53
Quentin Johnston,0,0,0,0,0,0,0,0,0,0,0,0,0,0,0,6,3,0,0,0,4,0,0,0,22,354,6,7,1,66,14,63.6,0,162,42
Quintin Morris,0,0,0,0,0,0,0,0,0,0,0,0,0,0,0,0,0,0,0,0,0,0,0,0,1,2,1,0,0,2,1,100,0,0,2
Rachaad White,0,0,0,0,0,0,0,0,0,0,0,0,0,0,0,343,92,2,1,1,56,18,19.6,1,38,301,4,3,0,32,14,36.8,0,393,42
Raheem Mostert,0,0,0,0,0,0,0,0,0,0,0,0,0,0,0,217,60,2,0,0,18,11,18.3,2,10,102,0,1,0,25,7,70,0,94,13
Rakim Jarrett,0,0,0,0,0,0,0,0,0,0,0,0,0,0,0,0,0,0,0,0,0,0,0,0,7,107,0,2,0,30,4,57.1,0,17,9
Ramel Keyton,0,0,0,0,0,0,0,0,0,0,0,0,0,0,0,0,0,0,0,0,0,0,0,0,1,7,0,0,0,7,1,100,0,0,3
Rashee Rice,0,0,0,0,0,0,0,0,0,0,0,0,0,0,0,1,1,0,0,0,1,1,100,0,24,288,2,3,1,44,15,62.5,0,186,29
Rashid Shaheed,0,0,0,0,0,0,0,0,0,0,0,0,0,0,0,29,6,0,0,0,13,2,33.3,0,20,349,3,5,3,70,12,60,0,106,41
Rashod Bateman,0,0,0,0,0,0,0,0,0,0,0,0,0,0,0,0,0,0,0,0,0,0,0,0,35,574,5,7,3,59,26,74.3,0,130,55
Ray Davis,0,0,0,0,0,0,0,0,0,0,0,0,0,0,0,279,69,2,1,0,22,15,21.7,0,10,149,1,2,2,63,4,40,0,122,11
Ray-Ray McCloud,0,0,0,0,0,0,0,0,0,0,0,0,0,0,0,56,6,0,1,0,20,2,33.3,0,41,381,1,4,0,22,18,43.9,3,170,55
Rhamondre Stevenson,0,0,0,0,0,0,0,0,0,0,0,0,0,0,0,598,162,6,1,0,33,30,18.5,4,28,118,1,0,0,14,4,14.3,1,177,35
Ricky Pearsall,0,0,0,0,0,0,0,0,0,0,0,0,0,0,0,39,1,0,1,0,39,1,100,0,11,132,1,1,1,46,5,45.4,0,49,17
Rico Dowdle,0,0,0,0,0,0,0,0,0,0,0,0,0,0,0,488,112,0,0,0,19,25,22.3,2,29,184,3,1,0,22,11,37.9,0,185,37
Riley Dixon,3,3,1,1,100,0,0,79.2,0,0,0,0,3,0,0,0,0,0,0,0,0,0,0,0,0,0,0,0,0,0,0,0,0,0,0
Robbie Chosen,0,0,0,0,0,0,0,0,0,0,0,0,0,0,0,0,0,0,0,0,0,0,0,0,1,5,0,0,0,5,0,0,0,1,4
Robert Woods,0,0,0,0,0,0,0,0,0,0,0,0,0,0,0,0,0,0,0,0,0,0,0,0,11,112,0,1,0,32,7,63.6,0,45,16
Rome Odunze,0,0,0,0,0,0,0,0,0,0,0,0,0,0,0,15,3,0,0,0,8,1,33.3,0,39,518,1,6,2,47,25,64.1,1,174,70
Romeo Doubs,0,0,0,0,0,0,0,0,0,0,0,0,0,0,0,0,0,0,0,0,0,0,0,0,34,483,2,7,0,39,25,73.5,0,93,53
Ronnie Bell,0,0,0,0,0,0,0,0,0,0,0,0,0,0,0,0,0,0,0,0,0,0,0,0,2,22,0,0,0,12,2,100,0,5,6
Ronnie Rivers,0,0,0,0,0,0,0,0,0,0,0,0,0,0,0,51,10,0,0,0,12,5,50,0,1,0,0,0,0,0,0,0,0,7,1
Roschon Johnson,0,0,0,0,0,0,0,0,0,0,0,0,0,0,0,139,48,6,0,0,9,16,33.3,0,11,88,0,0,0,17,5,45.4,0,67,15
Ross Dwelley,0,0,0,0,0,0,0,0,0,0,0,0,0,0,0,0,0,0,0,0,0,0,0,0,1,5,0,0,0,5,0,0,0,4,1
Russell Wilson,1212,8.1,149,94,63.1,7,2,98.6,52,34.9,21,3,46,16,92,24,17,1,0,0,10,3,17.6,0,0,0,0,0,0,0,0,0,0,0,0
Ryan Flournoy,0,0,0,0,0,0,0,0,0,0,0,0,0,0,0,0,0,0,0,0,0,0,0,0,4,44,0,0,0,15,2,50,1,18,6
Ryan Miller,0,0,0,0,0,0,0,0,0,0,0,0,0,0,0,0,0,0,0,0,0,0,0,0,7,84,1,1,0,39,6,85.7,0,48,13
Sam Darnold,2717,8.3,327,221,67.6,21,10,101.7,126,38.5,43,7,97,31,202,165,48,1,0,0,19,20,41.7,3,0,0,0,0,0,0,0,0,0,0,0
Sam Franklin Jr.,0,0,0,0,0,0,0,0,0,0,0,0,0,0,0,0,0,0,0,0,0,0,0,0,0,0,0,0,0,0,0,0,0,0,1
Sam LaPorta,0,0,0,0,0,0,0,0,0,0,0,0,0,0,0,0,0,0,0,0,0,0,0,0,28,385,3,7,1,52,17,60.7,0,208,38
Samaje Perine,0,0,0,0,0,0,0,0,0,0,0,0,0,0,0,68,15,1,0,0,13,6,40,0,19,185,1,3,0,35,9,47.4,0,183,25
Saquon Barkley,0,0,0,0,0,0,0,0,0,0,0,0,0,0,0,1392,223,10,12,6,72,53,23.8,1,27,257,2,4,1,43,12,44.4,0,225,33
Scott Matlock,0,0,0,0,0,0,0,0,0,0,0,0,0,0,0,0,0,0,0,0,0,0,0,0,2,16,0,0,0,9,0,0,0,11,3
Scott Miller,0,0,0,0,0,0,0,0,0,0,0,0,0,0,0,0,0,0,0,0,0,0,0,0,2,31,0,1,0,20,1,50,0,22,4
Sean Tucker,0,0,0,0,0,0,0,0,0,0,0,0,0,0,0,189,30,2,1,0,36,11,36.7,1,8,104,1,1,0,36,6,75,0,103,9
Shane Zylstra,0,0,0,0,0,0,0,0,0,0,0,0,0,0,0,0,0,0,0,0,0,0,0,0,1,22,0,1,0,22,1,100,0,13,1
Simi Fehoko,0,0,0,0,0,0,0,0,0,0,0,0,0,0,0,0,0,0,0,0,0,0,0,0,6,106,0,2,0,30,6,100,0,16,16
Sincere McCormick,0,0,0,0,0,0,0,0,0,0,0,0,0,0,0,33,5,0,0,0,19,2,40,0,0,0,0,0,0,0,0,0,0,0,0
Sione Vaki,0,0,0,0,0,0,0,0,0,0,0,0,0,0,0,14,6,0,0,0,7,0,0,0,1,17,0,0,0,17,1,100,0,2,1
Skylar Thompson,187,5.7,33,21,63.6,0,0,78.7,8,24.2,1,0,22,6,44,4,1,0,0,0,4,0,0,0,0,0,0,0,0,0,0,0,0,0,0
Skyy Moore,0,0,0,0,0,0,0,0,0,0,0,0,0,0,0,0,0,0,0,0,0,0,0,0,0,0,0,0,0,0,0,0,0,0,3
Spencer Rattler,571,5.8,99,59,59.6,1,2,70.7,23,23.2,7,1,41,14,73,61,9,0,1,0,28,3,33.3,1,0,0,0,0,0,0,0,0,0,0,0
Stefon Diggs,13,13,1,1,100,0,0,118.8,1,100,0,0,13,0,0,8,3,1,0,0,6,1,33.3,0,47,496,3,5,1,49,31,66,0,185,64
Sterling Shepard,0,0,0,0,0,0,0,0,0,0,0,0,0,0,0,55,7,0,1,0,24,3,42.9,0,21,182,1,1,0,30,7,33.3,0,42,32
Steven Sims,0,0,0,0,0,0,0,0,0,0,0,0,0,0,0,0,1,0,0,0,0,0,0,0,0,0,0,0,0,0,0,0,0,0,0
Stone Smartt,0,0,0,0,0,0,0,0,0,0,0,0,0,0,0,0,0,0,0,0,0,0,0,0,2,41,0,1,0,31,2,100,0,12,3
T.J. Hockenson,0,0,0,0,0,0,0,0,0,0,0,0,0,0,0,0,0,0,0,0,0,0,0,0,20,226,0,4,0,34,13,65,0,63,25
Tank Bigsby,0,0,0,0,0,0,0,0,0,0,0,0,0,0,0,519,95,4,4,2,65,21,22.1,1,3,36,0,1,0,28,1,33.3,0,40,5
Tank Dell,0,0,0,0,0,0,0,0,0,0,0,0,0,0,0,28,8,0,0,0,18,2,25,0,42,520,2,6,1,50,26,61.9,0,150,68
Tanner Conner,0,0,0,0,0,0,0,0,0,0,0,0,0,0,0,0,0,0,0,0,0,0,0,0,3,16,0,0,0,11,1,33.3,0,5,4
Tanner Hudson,0,0,0,0,0,0,0,0,0,0,0,0,0,0,0,1,1,0,0,0,1,1,100,0,12,87,1,0,0,13,5,41.7,1,49,16
Tavierre Thomas,0,0,0,0,0,0,0,0,0,0,0,0,0,0,0,-2,1,0,0,0,-2,0,0,0,0,0,0,0,0,0,0,0,0,0,0
Taylor Decker,0,0,0,0,0,0,0,0,0,0,0,0,0,0,0,0,0,0,0,0,0,0,0,0,0,0,0,0,0,0,0,0,0,0,1
Taylor Heinicke,24,12,2,2,100,0,0,116.7,1,50,0,0,18,3,28,0,0,0,0,0,0,0,0,0,0,0,0,0,0,0,0,0,0,0,0
Taysom Hill,21,5.2,4,2,50,0,1,26,1,25,0,0,18,0,0,268,34,6,2,1,75,17,50,0,18,150,0,1,0,34,6,33.3,1,121,24
Tee Higgins,0,0,0,0,0,0,0,0,0,0,0,0,0,0,0,0,0,0,0,0,0,0,0,0,38,489,4,7,1,42,27,71,0,149,58
Terrell Jennings,0,0,0,0,0,0,0,0,0,0,0,0,0,0,0,13,5,0,0,0,5,0,0,0,0,0,0,0,0,0,0,0,0,0,0
Terry McLaurin,0,0,0,0,0,0,0,0,0,0,0,0,0,0,0,2,2,0,0,0,2,0,0,1,53,823,7,10,5,86,37,69.8,0,229,74
Theo Johnson,0,0,0,0,0,0,0,0,0,0,0,0,0,0,0,0,0,0,0,0,0,0,0,0,24,277,1,4,0,35,14,58.3,0,120,38
Tim Boyle,153,5.9,26,15,57.7,0,0,74.7,7,26.9,1,0,30,1,9,10,2,0,0,0,6,1,50,0,0,0,0,0,0,0,0,0,0,0,0
Tim Jones,0,0,0,0,0,0,0,0,0,0,0,0,0,0,0,0,0,0,0,0,0,0,0,0,2,30,0,1,0,20,2,100,0,17,4
Tim Patrick,0,0,0,0,0,0,0,0,0,0,0,0,0,0,0,0,0,0,0,0,0,0,0,0,19,258,0,5,1,42,11,57.9,0,89,23
Tip Reiman,0,0,0,0,0,0,0,0,0,0,0,0,0,0,0,0,0,0,0,0,0,0,0,0,2,6,0,0,0,5,0,0,0,4,2
Tom Kennedy,0,0,0,0,0,0,0,0,0,0,0,0,0,0,0,0,0,0,0,0,0,0,0,0,0,0,0,0,0,0,0,0,0,0,1
Tommy DeVito,189,6.1,31,21,67.7,0,0,83.9,11,35.5,2,0,23,4,23,32,7,0,0,0,17,1,14.3,0,0,0,0,0,0,0,0,0,0,0,0
Tommy Tremble,0,0,0,0,0,0,0,0,0,0,0,0,0,0,0,0,0,0,0,0,0,0,0,0,10,77,0,1,0,20,3,30,1,40,14
Tony Pollard,0,0,0,0,0,0,0,0,0,0,0,0,0,0,0,800,184,4,5,1,41,37,20.1,0,33,178,0,1,0,22,7,21.2,0,167,45
Travis Etienne,0,0,0,0,0,0,0,0,0,0,0,0,0,0,0,325,82,2,2,0,22,18,22,1,22,102,0,0,0,14,6,27.3,0,124,30
Travis Homer,0,0,0,0,0,0,0,0,0,0,0,0,0,0,0,16,3,0,0,0,6,1,33.3,0,0,0,0,0,0,0,0,0,0,0,0
Travis Kelce,0,0,0,0,0,0,0,0,0,0,0,0,0,0,0,1,1,0,0,0,1,0,0,0,68,569,2,7,0,38,30,44.1,2,232,88
Tre Tucker,0,0,0,0,0,0,0,0,0,0,0,0,0,0,0,36,6,1,0,0,11,2,33.3,0,35,367,1,4,1,54,18,51.4,0,167,56
Trent Scott,0,0,0,0,0,0,0,0,0,0,0,0,0,0,0,0,0,0,0,0,0,0,0,0,1,1,1,0,0,1,1,100,0,0,1
Trent Sherfield,0,0,0,0,0,0,0,0,0,0,0,0,0,0,0,0,0,0,0,0,0,0,0,0,7,77,1,0,0,17,3,42.9,0,38,8
Trenton Irwin,0,0,0,0,0,0,0,0,0,0,0,0,0,0,0,0,0,0,0,0,0,0,0,0,3,15,0,0,0,6,1,33.3,0,4,10
Trevor Lawrence,2004,7.3,274,168,61.3,11,6,87.9,96,35,31,4,85,18,140,113,25,3,1,0,33,13,52,0,0,-5,0,0,0,-5,0,0,1,-5,0
Trey Benson,0,0,0,0,0,0,0,0,0,0,0,0,0,0,0,234,53,1,1,0,20,12,22.6,1,5,55,0,0,0,19,3,60,0,69,5
Trey Lance,21,3.5,6,4,66.7,0,1,32.6,1,16.7,0,0,10,2,7,14,4,0,0,0,11,2,50,0,0,0,0,0,0,0,0,0,0,0,0
Trey McBride,0,0,0,0,0,0,0,0,0,0,0,0,0,0,0,2,1,1,0,0,2,1,100,0,61,685,0,6,0,37,35,57.4,0,276,80
Trey Palmer,0,0,0,0,0,0,0,0,0,0,0,0,0,0,0,0,0,0,0,0,0,0,0,0,10,141,1,1,0,25,6,60,0,34,17
Trey Sermon,0,0,0,0,0,0,0,0,0,0,0,0,0,0,0,131,47,2,0,0,17,13,27.7,0,12,75,0,0,0,14,3,25,0,77,13
Treylon Burks,0,0,0,0,0,0,0,0,0,0,0,0,0,0,0,1,2,0,0,0,6,0,0,0,4,34,0,0,0,13,3,75,0,5,8
Tristan Wirfs,0,0,0,0,0,0,0,0,0,0,0,0,0,0,0,0,0,0,0,0,0,0,0,0,0,9,0,0,0,9,1,0,1,9,0
Troy Franklin,0,0,0,0,0,0,0,0,0,0,0,0,0,0,0,8,2,0,0,0,5,0,0,0,19,190,2,4,0,30,8,42.1,0,90,36
Tua Tagovailoa,1760,7.6,232,170,73.3,13,4,106.2,96,41.4,19,3,80,13,101,41,12,0,0,0,13,5,41.7,2,0,0,0,0,0,0,0,0,0,0,0
Tucker Fisk,0,0,0,0,0,0,0,0,0,0,0,0,0,0,0,0,0,0,0,0,0,0,0,0,2,13,0,0,0,7,0,0,0,8,3
Tucker Kraft,0,0,0,0,0,0,0,0,0,0,0,0,0,0,0,4,2,0,0,0,2,2,100,0,30,402,6,5,2,67,17,56.7,1,284,42
Tutu Atwell,0,0,1,0,0,0,0,39.6,0,0,0,0,0,0,0,7,1,0,0,0,7,0,0,0,30,423,0,7,1,50,21,70,0,81,45
Ty Chandler,0,0,0,0,0,0,0,0,0,0,0,0,0,1,1,169,48,0,1,0,25,7,14.6,0,6,42,0,0,0,10,2,33.3,0,53,6
Ty Johnson,0,0,0,0,0,0,0,0,0,0,0,0,0,0,0,117,22,1,0,0,19,9,40.9,0,8,97,2,1,0,33,6,75,0,37,12
Tyjae Spears,0,0,0,0,0,0,0,0,0,0,0,0,0,0,0,161,43,1,0,0,19,10,23.3,0,17,88,0,1,0,29,4,23.5,0,113,18
Tylan Wallace,0,0,0,0,0,0,0,0,0,0,0,0,0,0,0,0,0,0,0,0,0,0,0,0,7,169,1,2,1,84,4,57.1,0,116,7
Tyler Allgeier,0,0,0,0,0,0,0,0,0,0,0,0,0,0,0,429,85,2,3,0,24,27,31.8,0,9,56,0,0,0,13,2,22.2,0,57,9
Tyler Badie,0,0,0,0,0,0,0,0,0,0,0,0,0,0,0,86,11,0,1,1,43,4,36.4,0,3,-2,0,0,0,2,0,0,1,4,3
Tyler Boyd,0,0,1,0,0,0,0,39.6,0,0,0,0,0,0,0,3,1,0,0,0,3,1,100,0,29,273,0,3,0,30,14,48.3,0,130,39
Tyler Conklin,0,0,0,0,0,0,0,0,0,0,0,0,0,0,0,0,1,0,0,0,0,0,0,0,29,252,2,5,0,27,12,41.4,0,136,44
Tyler Goodson,0,0,0,0,0,0,0,0,0,0,0,0,0,0,0,128,27,1,1,0,33,4,14.8,0,10,56,1,1,0,24,3,30,0,64,13
Tyler Huntley,377,5.7,66,39,59.1,1,1,73.9,19,28.8,3,0,25,7,45,67,16,1,1,0,20,6,37.5,1,0,0,0,0,0,0,0,0,0,0,0
Tyler Johnson,0,0,0,0,0,0,0,0,0,0,0,0,0,0,0,0,0,0,0,0,0,0,0,0,22,256,0,3,1,63,7,31.8,0,151,33
Tyler Lockett,0,0,0,0,0,0,0,0,0,0,0,0,0,0,0,0,0,0,0,0,0,0,0,0,38,495,2,6,0,37,30,79,0,108,59
Tyler Smith,0,0,0,0,0,0,0,0,0,0,0,0,0,0,0,0,0,0,0,0,0,0,0,0,1,0,0,0,0,0,0,0,0,6,1
Tyquan Thornton,0,0,0,0,0,0,0,0,0,0,0,0,0,0,0,0,0,0,0,0,0,0,0,0,4,47,0,0,0,17,2,50,0,24,8
Tyreek Hill,0,0,0,0,0,0,0,0,0,0,0,0,0,0,0,47,7,0,0,0,16,2,28.6,0,49,571,3,7,1,80,30,61.2,0,204,74
Tyreik McAllister,0,0,0,0,0,0,0,0,0,0,0,0,0,0,0,11,2,0,0,0,10,1,50,0,0,0,0,0,0,0,0,0,0,0,0
Tyrod Taylor,36,4.5,8,6,75,1,0,122.9,3,37.5,0,0,9,0,0,7,1,0,0,0,7,0,0,0,0,0,0,0,0,0,0,0,0,0,0
Tyrone Tracy Jr.,0,0,0,0,0,0,0,0,0,0,0,0,0,0,0,587,116,3,5,1,45,28,24.1,2,22,145,0,0,0,19,6,27.3,1,145,27
Tyson Bagent,0,0,0,0,0,0,0,0,0,0,0,0,0,0,0,-7,6,0,0,0,-1,0,0,0,0,0,0,0,0,0,0,0,0,0,0
Van Jefferson,0,0,0,0,0,0,0,0,0,0,0,0,0,0,0,0,0,0,0,0,0,0,0,0,16,178,1,2,0,36,8,50,0,46,26
Vederian Lowe,0,0,0,0,0,0,0,0,0,0,0,0,0,0,0,0,0,0,0,0,0,0,0,0,1,4,1,0,0,4,1,100,0,0,1
Velus Jones Jr.,0,0,0,0,0,0,0,0,0,0,0,0,0,0,0,11,2,0,0,0,6,1,50,0,1,8,0,0,0,8,0,0,0,13,1
Wan'Dale Robinson,0,0,0,0,0,0,0,0,0,0,0,0,0,0,0,18,3,0,0,0,14,1,33.3,0,61,441,2,2,0,23,23,37.7,0,229,89
Wanya Morris,0,0,0,0,0,0,0,0,0,0,0,0,0,0,0,0,0,0,0,0,0,0,0,0,1,1,1,0,0,1,1,100,0,0,1
Will Dissly,0,0,0,0,0,0,0,0,0,0,0,0,0,0,0,0,0,0,0,0,0,0,0,0,41,399,1,5,0,29,18,43.9,0,240,52
Will Levis,1447,7.1,203,136,67,10,9,85.6,60,29.6,17,5,98,35,194,175,36,0,1,0,21,18,50,1,0,0,0,0,0,0,0,0,0,0,0
Will Mallory,0,0,0,0,0,0,0,0,0,0,0,0,0,0,0,0,0,0,0,0,0,0,0,0,3,22,0,0,0,10,1,33.3,0,4,6
Will Shipley,0,0,0,0,0,0,0,0,0,0,0,0,0,0,0,46,19,0,0,0,9,1,5.3,0,0,0,0,0,0,0,0,0,0,0,0
Xavier Gipson,0,0,0,0,0,0,0,0,0,0,0,0,0,0,0,0,0,0,0,0,0,0,0,0,5,40,1,0,0,17,3,60,0,20,9
Xavier Hutchinson,0,0,0,0,0,0,0,0,0,0,0,0,0,0,0,0,0,0,0,0,0,0,0,0,7,70,0,0,0,19,4,57.1,0,28,18
Xavier Legette,0,0,0,0,0,0,0,0,0,0,0,0,0,0,0,22,5,0,0,0,8,2,40,0,33,340,4,5,0,35,19,57.6,0,72,51
Xavier Smith,0,0,0,0,0,0,0,0,0,0,0,0,0,0,0,30,2,0,1,0,24,1,50,0,2,6,0,0,0,11,1,50,0,5,2
Xavier Weaver,0,0,0,0,0,0,0,0,0,0,0,0,0,0,0,0,0,0,0,0,0,0,0,0,0,0,0,0,0,0,0,0,0,0,1
Xavier Worthy,0,0,0,0,0,0,0,0,0,0,0,0,0,0,0,49,11,2,1,0,21,2,18.2,0,28,353,4,3,1,54,20,71.4,0,188,54
Zach Charbonnet,0,0,0,0,0,0,0,0,0,0,0,0,0,0,0,238,71,4,0,0,13,16,22.5,0,27,191,1,2,0,30,5,18.5,0,204,33
Zach Davidson,0,0,0,0,0,0,0,0,0,0,0,0,0,0,0,0,0,0,0,0,0,0,0,0,1,5,0,0,0,5,0,0,0,2,1
Zach Ertz,0,0,0,0,0,0,0,0,0,0,0,0,0,0,0,0,0,0,0,0,0,0,0,0,49,466,3,5,0,24,27,55.1,1,108,69
Zach Frazier,0,0,0,0,0,0,0,0,0,0,0,0,0,0,0,0,0,0,0,0,0,0,0,0,0,-2,0,0,0,-2,0,0,0,-2,0
Zack Moss,0,0,0,0,0,0,0,0,0,0,0,0,0,0,0,242,74,2,0,0,16,13,17.6,2,23,187,1,1,0,21,11,47.8,0,194,27
Zamir White,0,0,0,0,0,0,0,0,0,0,0,0,0,0,0,183,65,1,0,0,17,4,6.2,2,6,30,0,0,0,14,2,33.3,0,50,8
Zay Flowers,0,0,0,0,0,0,0,0,0,0,0,0,0,0,0,47,6,0,0,0,19,1,16.7,0,57,789,4,15,2,53,36,63.2,0,389,87
Zay Jones,0,0,0,0,0,0,0,0,0,0,0,0,0,0,0,0,0,0,0,0,0,0,0,0,1,3,0,0,0,3,1,100,0,5,2
